1,0.1,0.2,0.3,0.4,0.5,0.6
2,0.2,0.3,0.4,0.5,0.6,0.7
3,0.3,0.4,0.5,0.6,0.7,0.8
4,0.4,0.5,0.6,0.7,0.8,0.9
5,0.5,0.6,0.7,0.8,0.9,1
6,0.6,0.7,0.8,0.9,1,1.1
7,0.7,0.8,0.9,1,1.1,1.2
8,0.8,0.9,1,1.1,1.2,1.3
9,0.9,1,1.1,1.2,1.3,1.4
10,1,1.1,1.2,1.3,1.4,1.5
11,1.1,1.2,1.3,1.4,1.5,1.6
12,1.2,1.3,1.4,1.5,1.6,1.7
13,1.3,1.4,1.5,1.6,1.7,1.8
14,1.4,1.5,1.6,1.7,1.8,1.9
15,1.5,1.6,1.7,1.8,1.9,2
16,1.6,1.7,1.8,1.9,2,2.1
17,1.7,1.8,1.9,2,2.1,2.2
18,1.8,1.9,2,2.1,2.2,2.3
19,1.9,2,2.1,2.2,2.3,2.4
20,2,2.1,2.2,2.3,2.4,2.5
21,2.1,2.2,2.3,2.4,2.5,2.6
22,2.2,2.3,2.4,2.5,2.6,2.7
23,2.3,2.4,2.5,2.6,2.7,2.8
24,2.4,2.5,2.6,2.7,2.8,2.9
25,2.5,2.6,2.7,2.8,2.9,3
26,2.6,2.7,2.8,2.9,3,3.1
27,2.7,2.8,2.9,3,3.1,3.2
28,2.8,2.9,3,3.1,3.2,3.3
29,2.9,3,3.1,3.2,3.3,3.4
30,3,3.1,3.2,3.3,3.4,3.5
31,3.1,3.2,3.3,3.4,3.5,3.6
32,3.2,3.3,3.4,3.5,3.6,3.7
33,3.3,3.4,3.5,3.6,3.7,3.8
34,3.4,3.5,3.6,3.7,3.8,3.9
35,3.5,3.6,3.7,3.8,3.9,4
36,3.6,3.7,3.8,3.9,4,4.1
37,3.7,3.8,3.9,4,4.1,4.2
38,3.8,3.9,4,4.1,4.2,4.3
39,3.9,4,4.1,4.2,4.3,4.4
40,4,4.1,4.2,4.3,4.4,4.5
41,4.1,4.2,4.3,4.4,4.5,4.6
42,4.2,4.3,4.4,4.5,4.6,4.7
43,4.3,4.4,4.5,4.6,4.7,4.8
44,4.4,4.5,4.6,4.7,4.8,4.9
45,4.5,4.6,4.7,4.8,4.9,5
46,4.6,4.7,4.8,4.9,5,5.1
47,4.7,4.8,4.9,5,5.1,5.2
48,4.8,4.9,5,5.1,5.2,5.3
49,4.9,5,5.1,5.2,5.3,5.4
50,5,5.1,5.2,5.3,5.4,5.5
51,5.1,5.2,5.3,5.4,5.5,5.6
52,5.2,5.3,5.4,5.5,5.6,5.7
53,5.3,5.4,5.5,5.6,5.7,5.8
54,5.4,5.5,5.6,5.7,5.8,5.9
55,5.5,5.6,5.7,5.8,5.9,6
56,5.6,5.7,5.8,5.9,6,6.1
57,5.7,5.8,5.9,6,6.1,6.2
58,5.8,5.9,6,6.1,6.2,6.3
59,5.9,6,6.1,6.2,6.3,6.4
60,6,6.1,6.2,6.3,6.4,6.5
61,6.1,6.2,6.3,6.4,6.5,6.6
62,6.2,6.3,6.4,6.5,6.6,6.7
63,6.3,6.4,6.5,6.6,6.7,6.8
64,6.4,6.5,6.6,6.7,6.8,6.9
65,6.5,6.6,6.7,6.8,6.9,7
66,6.6,6.7,6.8,6.9,7,7.1
67,6.7,6.8,6.9,7,7.1,7.2
68,6.8,6.9,7,7.1,7.2,7.3
69,6.9,7,7.1,7.2,7.3,7.4
70,7,7.1,7.2,7.3,7.4,7.5
71,7.1,7.2,7.3,7.4,7.5,7.6
72,7.2,7.3,7.4,7.5,7.6,7.7
73,7.3,7.4,7.5,7.6,7.7,7.8
74,7.4,7.5,7.6,7.7,7.8,7.9
75,7.5,7.6,7.7,7.8,7.9,8
76,7.6,7.7,7.8,7.9,8,8.1
77,7.7,7.8,7.9,8,8.1,8.2
78,7.8,7.9,8,8.1,8.2,8.3
79,7.9,8,8.1,8.2,8.3,8.4
80,8,8.1,8.2,8.3,8.4,8.5
81,8.1,8.2,8.3,8.4,8.5,8.6
82,8.2,8.3,8.4,8.5,8.6,8.7
83,8.3,8.4,8.5,8.6,8.7,8.8
84,8.4,8.5,8.6,8.7,8.8,8.9
85,8.5,8.6,8.7,8.8,8.9,9
86,8.6,8.7,8.8,8.9,9,9.1
87,8.7,8.8,8.9,9,9.1,9.2
88,8.8,8.9,9,9.1,9.2,9.3
89,8.9,9,9.1,9.2,9.3,9.4
90,9,9.1,9.2,9.3,9.4,9.5
91,9.1,9.2,9.3,9.4,9.5,9.6
92,9.2,9.3,9.4,9.5,9.6,9.7
93,9.3,9.4,9.5,9.6,9.7,9.8
94,9.4,9.5,9.6,9.7,9.8,9.9
95,9.5,9.6,9.7,9.8,9.9,10
96,9.6,9.7,9.8,9.9,10,10.1
97,9.7,9.8,9.9,10,10.1,10.2
98,9.8,9.9,10,10.1,10.2,10.3
99,9.9,10,10.1,10.2,10.3,10.4
100,10,10.1,10.2,10.3,10.4,10.5
101,10.1,10.2,10.3,10.4,10.5,10.6
102,10.2,10.3,10.4,10.5,10.6,10.7
103,10.3,10.4,10.5,10.6,10.7,10.8
104,10.4,10.5,10.6,10.7,10.8,10.9
105,10.5,10.6,10.7,10.8,10.9,11
106,10.6,10.7,10.8,10.9,11,11.1
107,10.7,10.8,10.9,11,11.1,11.2
108,10.8,10.9,11,11.1,11.2,11.3
109,10.9,11,11.1,11.2,11.3,11.4
110,11,11.1,11.2,11.3,11.4,11.5
111,11.1,11.2,11.3,11.4,11.5,11.6
112,11.2,11.3,11.4,11.5,11.6,11.7
113,11.3,11.4,11.5,11.6,11.7,11.8
114,11.4,11.5,11.6,11.7,11.8,11.9
115,11.5,11.6,11.7,11.8,11.9,12
116,11.6,11.7,11.8,11.9,12,12.1
117,11.7,11.8,11.9,12,12.1,12.2
118,11.8,11.9,12,12.1,12.2,12.3
119,11.9,12,12.1,12.2,12.3,12.4
120,12,12.1,12.2,12.3,12.4,12.5
121,12.1,12.2,12.3,12.4,12.5,12.6
122,12.2,12.3,12.4,12.5,12.6,12.7
123,12.3,12.4,12.5,12.6,12.7,12.8
124,12.4,12.5,12.6,12.7,12.8,12.9
125,12.5,12.6,12.7,12.8,12.9,13
126,12.6,12.7,12.8,12.9,13,13.1
127,12.7,12.8,12.9,13,13.1,13.2
128,12.8,12.9,13,13.1,13.2,13.3
129,12.9,13,13.1,13.2,13.3,13.4
130,13,13.1,13.2,13.3,13.4,13.5
131,13.1,13.2,13.3,13.4,13.5,13.6
132,13.2,13.3,13.4,13.5,13.6,13.7
133,13.3,13.4,13.5,13.6,13.7,13.8
134,13.4,13.5,13.6,13.7,13.8,13.9
135,13.5,13.6,13.7,13.8,13.9,14
136,13.6,13.7,13.8,13.9,14,14.1
137,13.7,13.8,13.9,14,14.1,14.2
138,13.8,13.9,14,14.1,14.2,14.3
139,13.9,14,14.1,14.2,14.3,14.4
140,14,14.1,14.2,14.3,14.4,14.5
141,14.1,14.2,14.3,14.4,14.5,14.6
142,14.2,14.3,14.4,14.5,14.6,14.7
143,14.3,14.4,14.5,14.6,14.7,14.8
144,14.4,14.5,14.6,14.7,14.8,14.9
145,14.5,14.6,14.7,14.8,14.9,15
146,14.6,14.7,14.8,14.9,15,15.1
147,14.7,14.8,14.9,15,15.1,15.2
148,14.8,14.9,15,15.1,15.2,15.3
149,14.9,15,15.1,15.2,15.3,15.4
150,15,15.1,15.2,15.3,15.4,15.5
151,15.1,15.2,15.3,15.4,15.5,15.6
152,15.2,15.3,15.4,15.5,15.6,15.7
153,15.3,15.4,15.5,15.6,15.7,15.8
154,15.4,15.5,15.6,15.7,15.8,15.9
155,15.5,15.6,15.7,15.8,15.9,16
156,15.6,15.7,15.8,15.9,16,16.1
157,15.7,15.8,15.9,16,16.1,16.2
158,15.8,15.9,16,16.1,16.2,16.3
159,15.9,16,16.1,16.2,16.3,16.4
160,16,16.1,16.2,16.3,16.4,16.5
161,16.1,16.2,16.3,16.4,16.5,16.6
162,16.2,16.3,16.4,16.5,16.6,16.7
163,16.3,16.4,16.5,16.6,16.7,16.8
164,16.4,16.5,16.6,16.7,16.8,16.9
165,16.5,16.6,16.7,16.8,16.9,17
166,16.6,16.7,16.8,16.9,17,17.1
167,16.7,16.8,16.9,17,17.1,17.2
168,16.8,16.9,17,17.1,17.2,17.3
169,16.9,17,17.1,17.2,17.3,17.4
170,17,17.1,17.2,17.3,17.4,17.5
171,17.1,17.2,17.3,17.4,17.5,17.6
172,17.2,17.3,17.4,17.5,17.6,17.7
173,17.3,17.4,17.5,17.6,17.7,17.8
174,17.4,17.5,17.6,17.7,17.8,17.9
175,17.5,17.6,17.7,17.8,17.9,18
176,17.6,17.7,17.8,17.9,18,18.1
177,17.7,17.8,17.9,18,18.1,18.2
178,17.8,17.9,18,18.1,18.2,18.3
179,17.9,18,18.1,18.2,18.3,18.4
180,18,18.1,18.2,18.3,18.4,18.5
181,18.1,18.2,18.3,18.4,18.5,18.6
182,18.2,18.3,18.4,18.5,18.6,18.7
183,18.3,18.4,18.5,18.6,18.7,18.8
184,18.4,18.5,18.6,18.7,18.8,18.9
185,18.5,18.6,18.7,18.8,18.9,19
186,18.6,18.7,18.8,18.9,19,19.1
187,18.7,18.8,18.9,19,19.1,19.2
188,18.8,18.9,19,19.1,19.2,19.3
189,18.9,19,19.1,19.2,19.3,19.4
190,19,19.1,19.2,19.3,19.4,19.5
191,19.1,19.2,19.3,19.4,19.5,19.6
192,19.2,19.3,19.4,19.5,19.6,19.7
193,19.3,19.4,19.5,19.6,19.7,19.8
194,19.4,19.5,19.6,19.7,19.8,19.9
195,19.5,19.6,19.7,19.8,19.9,20
196,19.6,19.7,19.8,19.9,20,20.1
197,19.7,19.8,19.9,20,20.1,20.2
198,19.8,19.9,20,20.1,20.2,20.3
199,19.9,20,20.1,20.2,20.3,20.4
200,20,20.1,20.2,20.3,20.4,20.5
201,20.1,20.2,20.3,20.4,20.5,20.6
202,20.2,20.3,20.4,20.5,20.6,20.7
203,20.3,20.4,20.5,20.6,20.7,20.8
204,20.4,20.5,20.6,20.7,20.8,20.9
205,20.5,20.6,20.7,20.8,20.9,21
206,20.6,20.7,20.8,20.9,21,21.1
207,20.7,20.8,20.9,21,21.1,21.2
208,20.8,20.9,21,21.1,21.2,21.3
209,20.9,21,21.1,21.2,21.3,21.4
210,21,21.1,21.2,21.3,21.4,21.5
211,21.1,21.2,21.3,21.4,21.5,21.6
212,21.2,21.3,21.4,21.5,21.6,21.7
213,21.3,21.4,21.5,21.6,21.7,21.8
214,21.4,21.5,21.6,21.7,21.8,21.9
215,21.5,21.6,21.7,21.8,21.9,22
216,21.6,21.7,21.8,21.9,22,22.1
217,21.7,21.8,21.9,22,22.1,22.2
218,21.8,21.9,22,22.1,22.2,22.3
219,21.9,22,22.1,22.2,22.3,22.4
220,22,22.1,22.2,22.3,22.4,22.5
221,22.1,22.2,22.3,22.4,22.5,22.6
222,22.2,22.3,22.4,22.5,22.6,22.7
223,22.3,22.4,22.5,22.6,22.7,22.8
224,22.4,22.5,22.6,22.7,22.8,22.9
225,22.5,22.6,22.7,22.8,22.9,23
226,22.6,22.7,22.8,22.9,23,23.1
227,22.7,22.8,22.9,23,23.1,23.2
228,22.8,22.9,23,23.1,23.2,23.3
229,22.9,23,23.1,23.2,23.3,23.4
230,23,23.1,23.2,23.3,23.4,23.5
231,23.1,23.2,23.3,23.4,23.5,23.6
232,23.2,23.3,23.4,23.5,23.6,23.7
233,23.3,23.4,23.5,23.6,23.7,23.8
234,23.4,23.5,23.6,23.7,23.8,23.9
235,23.5,23.6,23.7,23.8,23.9,24
236,23.6,23.7,23.8,23.9,24,24.1
237,23.7,23.8,23.9,24,24.1,24.2
238,23.8,23.9,24,24.1,24.2,24.3
239,23.9,24,24.1,24.2,24.3,24.4
240,24,24.1,24.2,24.3,24.4,24.5
241,24.1,24.2,24.3,24.4,24.5,24.6
242,24.2,24.3,24.4,24.5,24.6,24.7
243,24.3,24.4,24.5,24.6,24.7,24.8
244,24.4,24.5,24.6,24.7,24.8,24.9
245,24.5,24.6,24.7,24.8,24.9,25
246,24.6,24.7,24.8,24.9,25,25.1
247,24.7,24.8,24.9,25,25.1,25.2
248,24.8,24.9,25,25.1,25.2,25.3
249,24.9,25,25.1,25.2,25.3,25.4
250,25,25.1,25.2,25.3,25.4,25.5
251,25.1,25.2,25.3,25.4,25.5,25.6
252,25.2,25.3,25.4,25.5,25.6,25.7
253,25.3,25.4,25.5,25.6,25.7,25.8
254,25.4,25.5,25.6,25.7,25.8,25.9
255,25.5,25.6,25.7,25.8,25.9,26
256,25.6,25.7,25.8,25.9,26,26.1
257,25.7,25.8,25.9,26,26.1,26.2
258,25.8,25.9,26,26.1,26.2,26.3
259,25.9,26,26.1,26.2,26.3,26.4
260,26,26.1,26.2,26.3,26.4,26.5
261,26.1,26.2,26.3,26.4,26.5,26.6
262,26.2,26.3,26.4,26.5,26.6,26.7
263,26.3,26.4,26.5,26.6,26.7,26.8
264,26.4,26.5,26.6,26.7,26.8,26.9
265,26.5,26.6,26.7,26.8,26.9,27
266,26.6,26.7,26.8,26.9,27,27.1
267,26.7,26.8,26.9,27,27.1,27.2
268,26.8,26.9,27,27.1,27.2,27.3
269,26.9,27,27.1,27.2,27.3,27.4
270,27,27.1,27.2,27.3,27.4,27.5
271,27.1,27.2,27.3,27.4,27.5,27.6
272,27.2,27.3,27.4,27.5,27.6,27.7
273,27.3,27.4,27.5,27.6,27.7,27.8
274,27.4,27.5,27.6,27.7,27.8,27.9
275,27.5,27.6,27.7,27.8,27.9,28
276,27.6,27.7,27.8,27.9,28,28.1
277,27.7,27.8,27.9,28,28.1,28.2
278,27.8,27.9,28,28.1,28.2,28.3
279,27.9,28,28.1,28.2,28.3,28.4
280,28,28.1,28.2,28.3,28.4,28.5
281,28.1,28.2,28.3,28.4,28.5,28.6
282,28.2,28.3,28.4,28.5,28.6,28.7
283,28.3,28.4,28.5,28.6,28.7,28.8
284,28.4,28.5,28.6,28.7,28.8,28.9
285,28.5,28.6,28.7,28.8,28.9,29
286,28.6,28.7,28.8,28.9,29,29.1
287,28.7,28.8,28.9,29,29.1,29.2
288,28.8,28.9,29,29.1,29.2,29.3
289,28.9,29,29.1,29.2,29.3,29.4
290,29,29.1,29.2,29.3,29.4,29.5
291,29.1,29.2,29.3,29.4,29.5,29.6
292,29.2,29.3,29.4,29.5,29.6,29.7
293,29.3,29.4,29.5,29.6,29.7,29.8
294,29.4,29.5,29.6,29.7,29.8,29.9
295,29.5,29.6,29.7,29.8,29.9,30
296,29.6,29.7,29.8,29.9,30,30.1
297,29.7,29.8,29.9,30,30.1,30.2
298,29.8,29.9,30,30.1,30.2,30.3
299,29.9,30,30.1,30.2,30.3,30.4
300,30,30.1,30.2,30.3,30.4,30.5
301,30.1,30.2,30.3,30.4,30.5,30.6
302,30.2,30.3,30.4,30.5,30.6,30.7
303,30.3,30.4,30.5,30.6,30.7,30.8
304,30.4,30.5,30.6,30.7,30.8,30.9
305,30.5,30.6,30.7,30.8,30.9,31
306,30.6,30.7,30.8,30.9,31,31.1
307,30.7,30.8,30.9,31,31.1,31.2
308,30.8,30.9,31,31.1,31.2,31.3
309,30.9,31,31.1,31.2,31.3,31.4
310,31,31.1,31.2,31.3,31.4,31.5
311,31.1,31.2,31.3,31.4,31.5,31.6
312,31.2,31.3,31.4,31.5,31.6,31.7
313,31.3,31.4,31.5,31.6,31.7,31.8
314,31.4,31.5,31.6,31.7,31.8,31.9
315,31.5,31.6,31.7,31.8,31.9,32
316,31.6,31.7,31.8,31.9,32,32.1
317,31.7,31.8,31.9,32,32.1,32.2
318,31.8,31.9,32,32.1,32.2,32.3
319,31.9,32,32.1,32.2,32.3,32.4
320,32,32.1,32.2,32.3,32.4,32.5
321,32.1,32.2,32.3,32.4,32.5,32.6
322,32.2,32.3,32.4,32.5,32.6,32.7
323,32.3,32.4,32.5,32.6,32.7,32.8
324,32.4,32.5,32.6,32.7,32.8,32.9
325,32.5,32.6,32.7,32.8,32.9,33
326,32.6,32.7,32.8,32.9,33,33.1
327,32.7,32.8,32.9,33,33.1,33.2
328,32.8,32.9,33,33.1,33.2,33.3
329,32.9,33,33.1,33.2,33.3,33.4
330,33,33.1,33.2,33.3,33.4,33.5
331,33.1,33.2,33.3,33.4,33.5,33.6
332,33.2,33.3,33.4,33.5,33.6,33.7
333,33.3,33.4,33.5,33.6,33.7,33.8
334,33.4,33.5,33.6,33.7,33.8,33.9
335,33.5,33.6,33.7,33.8,33.9,34
336,33.6,33.7,33.8,33.9,34,34.1
337,33.7,33.8,33.9,34,34.1,34.2
338,33.8,33.9,34,34.1,34.2,34.3
339,33.9,34,34.1,34.2,34.3,34.4
340,34,34.1,34.2,34.3,34.4,34.5
341,34.1,34.2,34.3,34.4,34.5,34.6
342,34.2,34.3,34.4,34.5,34.6,34.7
343,34.3,34.4,34.5,34.6,34.7,34.8
344,34.4,34.5,34.6,34.7,34.8,34.9
345,34.5,34.6,34.7,34.8,34.9,35
346,34.6,34.7,34.8,34.9,35,35.1
347,34.7,34.8,34.9,35,35.1,35.2
348,34.8,34.9,35,35.1,35.2,35.3
349,34.9,35,35.1,35.2,35.3,35.4
350,35,35.1,35.2,35.3,35.4,35.5
351,35.1,35.2,35.3,35.4,35.5,35.6
352,35.2,35.3,35.4,35.5,35.6,35.7
353,35.3,35.4,35.5,35.6,35.7,35.8
354,35.4,35.5,35.6,35.7,35.8,35.9
355,35.5,35.6,35.7,35.8,35.9,36
356,35.6,35.7,35.8,35.9,36,36.1
357,35.7,35.8,35.9,36,36.1,36.2
358,35.8,35.9,36,36.1,36.2,36.3
359,35.9,36,36.1,36.2,36.3,36.4
360,36,36.1,36.2,36.3,36.4,36.5
361,36.1,36.2,36.3,36.4,36.5,36.6
362,36.2,36.3,36.4,36.5,36.6,36.7
363,36.3,36.4,36.5,36.6,36.7,36.8
364,36.4,36.5,36.6,36.7,36.8,36.9
365,36.5,36.6,36.7,36.8,36.9,37
366,36.6,36.7,36.8,36.9,37,37.1
367,36.7,36.8,36.9,37,37.1,37.2
368,36.8,36.9,37,37.1,37.2,37.3
369,36.9,37,37.1,37.2,37.3,37.4
370,37,37.1,37.2,37.3,37.4,37.5
371,37.1,37.2,37.3,37.4,37.5,37.6
372,37.2,37.3,37.4,37.5,37.6,37.7
373,37.3,37.4,37.5,37.6,37.7,37.8
374,37.4,37.5,37.6,37.7,37.8,37.9
375,37.5,37.6,37.7,37.8,37.9,38
376,37.6,37.7,37.8,37.9,38,38.1
377,37.7,37.8,37.9,38,38.1,38.2
378,37.8,37.9,38,38.1,38.2,38.3
379,37.9,38,38.1,38.2,38.3,38.4
380,38,38.1,38.2,38.3,38.4,38.5
381,38.1,38.2,38.3,38.4,38.5,38.6
382,38.2,38.3,38.4,38.5,38.6,38.7
383,38.3,38.4,38.5,38.6,38.7,38.8
384,38.4,38.5,38.6,38.7,38.8,38.9
385,38.5,38.6,38.7,38.8,38.9,39
386,38.6,38.7,38.8,38.9,39,39.1
387,38.7,38.8,38.9,39,39.1,39.2
388,38.8,38.9,39,39.1,39.2,39.3
389,38.9,39,39.1,39.2,39.3,39.4
390,39,39.1,39.2,39.3,39.4,39.5
391,39.1,39.2,39.3,39.4,39.5,39.6
392,39.2,39.3,39.4,39.5,39.6,39.7
393,39.3,39.4,39.5,39.6,39.7,39.8
394,39.4,39.5,39.6,39.7,39.8,39.9
395,39.5,39.6,39.7,39.8,39.9,40
396,39.6,39.7,39.8,39.9,40,40.1
397,39.7,39.8,39.9,40,40.1,40.2
398,39.8,39.9,40,40.1,40.2,40.3
399,39.9,40,40.1,40.2,40.3,40.4
400,40,40.1,40.2,40.3,40.4,40.5
401,40.1,40.2,40.3,40.4,40.5,40.6
402,40.2,40.3,40.4,40.5,40.6,40.7
403,40.3,40.4,40.5,40.6,40.7,40.8
404,40.4,40.5,40.6,40.7,40.8,40.9
405,40.5,40.6,40.7,40.8,40.9,41
406,40.6,40.7,40.8,40.9,41,41.1
407,40.7,40.8,40.9,41,41.1,41.2
408,40.8,40.9,41,41.1,41.2,41.3
409,40.9,41,41.1,41.2,41.3,41.4
410,41,41.1,41.2,41.3,41.4,41.5
411,41.1,41.2,41.3,41.4,41.5,41.6
412,41.2,41.3,41.4,41.5,41.6,41.7
413,41.3,41.4,41.5,41.6,41.7,41.8
414,41.4,41.5,41.6,41.7,41.8,41.9
415,41.5,41.6,41.7,41.8,41.9,42
416,41.6,41.7,41.8,41.9,42,42.1
417,41.7,41.8,41.9,42,42.1,42.2
418,41.8,41.9,42,42.1,42.2,42.3
419,41.9,42,42.1,42.2,42.3,42.4
420,42,42.1,42.2,42.3,42.4,42.5
421,42.1,42.2,42.3,42.4,42.5,42.6
422,42.2,42.3,42.4,42.5,42.6,42.7
423,42.3,42.4,42.5,42.6,42.7,42.8
424,42.4,42.5,42.6,42.7,42.8,42.9
425,42.5,42.6,42.7,42.8,42.9,43
426,42.6,42.7,42.8,42.9,43,43.1
427,42.7,42.8,42.9,43,43.1,43.2
428,42.8,42.9,43,43.1,43.2,43.3
429,42.9,43,43.1,43.2,43.3,43.4
430,43,43.1,43.2,43.3,43.4,43.5
431,43.1,43.2,43.3,43.4,43.5,43.6
432,43.2,43.3,43.4,43.5,43.6,43.7
433,43.3,43.4,43.5,43.6,43.7,43.8
434,43.4,43.5,43.6,43.7,43.8,43.9
435,43.5,43.6,43.7,43.8,43.9,44
436,43.6,43.7,43.8,43.9,44,44.1
437,43.7,43.8,43.9,44,44.1,44.2
438,43.8,43.9,44,44.1,44.2,44.3
439,43.9,44,44.1,44.2,44.3,44.4
440,44,44.1,44.2,44.3,44.4,44.5
441,44.1,44.2,44.3,44.4,44.5,44.6
442,44.2,44.3,44.4,44.5,44.6,44.7
443,44.3,44.4,44.5,44.6,44.7,44.8
444,44.4,44.5,44.6,44.7,44.8,44.9
445,44.5,44.6,44.7,44.8,44.9,45
446,44.6,44.7,44.8,44.9,45,45.1
447,44.7,44.8,44.9,45,45.1,45.2
448,44.8,44.9,45,45.1,45.2,45.3
449,44.9,45,45.1,45.2,45.3,45.4
450,45,45.1,45.2,45.3,45.4,45.5
451,45.1,45.2,45.3,45.4,45.5,45.6
452,45.2,45.3,45.4,45.5,45.6,45.7
453,45.3,45.4,45.5,45.6,45.7,45.8
454,45.4,45.5,45.6,45.7,45.8,45.9
455,45.5,45.6,45.7,45.8,45.9,46
456,45.6,45.7,45.8,45.9,46,46.1
457,45.7,45.8,45.9,46,46.1,46.2
458,45.8,45.9,46,46.1,46.2,46.3
459,45.9,46,46.1,46.2,46.3,46.4
460,46,46.1,46.2,46.3,46.4,46.5
461,46.1,46.2,46.3,46.4,46.5,46.6
462,46.2,46.3,46.4,46.5,46.6,46.7
463,46.3,46.4,46.5,46.6,46.7,46.8
464,46.4,46.5,46.6,46.7,46.8,46.9
465,46.5,46.6,46.7,46.8,46.9,47
466,46.6,46.7,46.8,46.9,47,47.1
467,46.7,46.8,46.9,47,47.1,47.2
468,46.8,46.9,47,47.1,47.2,47.3
469,46.9,47,47.1,47.2,47.3,47.4
470,47,47.1,47.2,47.3,47.4,47.5
471,47.1,47.2,47.3,47.4,47.5,47.6
472,47.2,47.3,47.4,47.5,47.6,47.7
473,47.3,47.4,47.5,47.6,47.7,47.8
474,47.4,47.5,47.6,47.7,47.8,47.9
475,47.5,47.6,47.7,47.8,47.9,48
476,47.6,47.7,47.8,47.9,48,48.1
477,47.7,47.8,47.9,48,48.1,48.2
478,47.8,47.9,48,48.1,48.2,48.3
479,47.9,48,48.1,48.2,48.3,48.4
480,48,48.1,48.2,48.3,48.4,48.5
481,48.1,48.2,48.3,48.4,48.5,48.6
482,48.2,48.3,48.4,48.5,48.6,48.7
483,48.3,48.4,48.5,48.6,48.7,48.8
484,48.4,48.5,48.6,48.7,48.8,48.9
485,48.5,48.6,48.7,48.8,48.9,49
486,48.6,48.7,48.8,48.9,49,49.1
487,48.7,48.8,48.9,49,49.1,49.2
488,48.8,48.9,49,49.1,49.2,49.3
489,48.9,49,49.1,49.2,49.3,49.4
490,49,49.1,49.2,49.3,49.4,49.5
491,49.1,49.2,49.3,49.4,49.5,49.6
492,49.2,49.3,49.4,49.5,49.6,49.7
493,49.3,49.4,49.5,49.6,49.7,49.8
494,49.4,49.5,49.6,49.7,49.8,49.9
495,49.5,49.6,49.7,49.8,49.9,50
496,49.6,49.7,49.8,49.9,50,50.1
497,49.7,49.8,49.9,50,50.1,50.2
498,49.8,49.9,50,50.1,50.2,50.3
499,49.9,50,50.1,50.2,50.3,50.4
500,50,50.1,50.2,50.3,50.4,50.5
501,50.1,50.2,50.3,50.4,50.5,50.6
502,50.2,50.3,50.4,50.5,50.6,50.7
503,50.3,50.4,50.5,50.6,50.7,50.8
504,50.4,50.5,50.6,50.7,50.8,50.9
505,50.5,50.6,50.7,50.8,50.9,51
506,50.6,50.7,50.8,50.9,51,51.1
507,50.7,50.8,50.9,51,51.1,51.2
508,50.8,50.9,51,51.1,51.2,51.3
509,50.9,51,51.1,51.2,51.3,51.4
510,51,51.1,51.2,51.3,51.4,51.5
511,51.1,51.2,51.3,51.4,51.5,51.6
512,51.2,51.3,51.4,51.5,51.6,51.7
513,51.3,51.4,51.5,51.6,51.7,51.8
514,51.4,51.5,51.6,51.7,51.8,51.9
515,51.5,51.6,51.7,51.8,51.9,52
516,51.6,51.7,51.8,51.9,52,52.1
517,51.7,51.8,51.9,52,52.1,52.2
518,51.8,51.9,52,52.1,52.2,52.3
519,51.9,52,52.1,52.2,52.3,52.4
520,52,52.1,52.2,52.3,52.4,52.5
521,52.1,52.2,52.3,52.4,52.5,52.6
522,52.2,52.3,52.4,52.5,52.6,52.7
523,52.3,52.4,52.5,52.6,52.7,52.8
524,52.4,52.5,52.6,52.7,52.8,52.9
525,52.5,52.6,52.7,52.8,52.9,53
526,52.6,52.7,52.8,52.9,53,53.1
527,52.7,52.8,52.9,53,53.1,53.2
528,52.8,52.9,53,53.1,53.2,53.3
529,52.9,53,53.1,53.2,53.3,53.4
530,53,53.1,53.2,53.3,53.4,53.5
531,53.1,53.2,53.3,53.4,53.5,53.6
532,53.2,53.3,53.4,53.5,53.6,53.7
533,53.3,53.4,53.5,53.6,53.7,53.8
534,53.4,53.5,53.6,53.7,53.8,53.9
535,53.5,53.6,53.7,53.8,53.9,54
536,53.6,53.7,53.8,53.9,54,54.1
537,53.7,53.8,53.9,54,54.1,54.2
538,53.8,53.9,54,54.1,54.2,54.3
539,53.9,54,54.1,54.2,54.3,54.4
540,54,54.1,54.2,54.3,54.4,54.5
541,54.1,54.2,54.3,54.4,54.5,54.6
542,54.2,54.3,54.4,54.5,54.6,54.7
543,54.3,54.4,54.5,54.6,54.7,54.8
544,54.4,54.5,54.6,54.7,54.8,54.9
545,54.5,54.6,54.7,54.8,54.9,55
546,54.6,54.7,54.8,54.9,55,55.1
547,54.7,54.8,54.9,55,55.1,55.2
548,54.8,54.9,55,55.1,55.2,55.3
549,54.9,55,55.1,55.2,55.3,55.4
550,55,55.1,55.2,55.3,55.4,55.5
551,55.1,55.2,55.3,55.4,55.5,55.6
552,55.2,55.3,55.4,55.5,55.6,55.7
553,55.3,55.4,55.5,55.6,55.7,55.8
554,55.4,55.5,55.6,55.7,55.8,55.9
555,55.5,55.6,55.7,55.8,55.9,56
556,55.6,55.7,55.8,55.9,56,56.1
557,55.7,55.8,55.9,56,56.1,56.2
558,55.8,55.9,56,56.1,56.2,56.3
559,55.9,56,56.1,56.2,56.3,56.4
560,56,56.1,56.2,56.3,56.4,56.5
561,56.1,56.2,56.3,56.4,56.5,56.6
562,56.2,56.3,56.4,56.5,56.6,56.7
563,56.3,56.4,56.5,56.6,56.7,56.8
564,56.4,56.5,56.6,56.7,56.8,56.9
565,56.5,56.6,56.7,56.8,56.9,57
566,56.6,56.7,56.8,56.9,57,57.1
567,56.7,56.8,56.9,57,57.1,57.2
568,56.8,56.9,57,57.1,57.2,57.3
569,56.9,57,57.1,57.2,57.3,57.4
570,57,57.1,57.2,57.3,57.4,57.5
571,57.1,57.2,57.3,57.4,57.5,57.6
572,57.2,57.3,57.4,57.5,57.6,57.7
573,57.3,57.4,57.5,57.6,57.7,57.8
574,57.4,57.5,57.6,57.7,57.8,57.9
575,57.5,57.6,57.7,57.8,57.9,58
576,57.6,57.7,57.8,57.9,58,58.1
577,57.7,57.8,57.9,58,58.1,58.2
578,57.8,57.9,58,58.1,58.2,58.3
579,57.9,58,58.1,58.2,58.3,58.4
580,58,58.1,58.2,58.3,58.4,58.5
581,58.1,58.2,58.3,58.4,58.5,58.6
582,58.2,58.3,58.4,58.5,58.6,58.7
583,58.3,58.4,58.5,58.6,58.7,58.8
584,58.4,58.5,58.6,58.7,58.8,58.9
585,58.5,58.6,58.7,58.8,58.9,59
586,58.6,58.7,58.8,58.9,59,59.1
587,58.7,58.8,58.9,59,59.1,59.2
588,58.8,58.9,59,59.1,59.2,59.3
589,58.9,59,59.1,59.2,59.3,59.4
590,59,59.1,59.2,59.3,59.4,59.5
591,59.1,59.2,59.3,59.4,59.5,59.6
592,59.2,59.3,59.4,59.5,59.6,59.7
593,59.3,59.4,59.5,59.6,59.7,59.8
594,59.4,59.5,59.6,59.7,59.8,59.9
595,59.5,59.6,59.7,59.8,59.9,60
596,59.6,59.7,59.8,59.9,60,60.1
597,59.7,59.8,59.9,60,60.1,60.2
598,59.8,59.9,60,60.1,60.2,60.3
599,59.9,60,60.1,60.2,60.3,60.4
600,60,60.1,60.2,60.3,60.4,60.5
601,60.1,60.2,60.3,60.4,60.5,60.6
602,60.2,60.3,60.4,60.5,60.6,60.7
603,60.3,60.4,60.5,60.6,60.7,60.8
604,60.4,60.5,60.6,60.7,60.8,60.9
605,60.5,60.6,60.7,60.8,60.9,61
606,60.6,60.7,60.8,60.9,61,61.1
607,60.7,60.8,60.9,61,61.1,61.2
608,60.8,60.9,61,61.1,61.2,61.3
609,60.9,61,61.1,61.2,61.3,61.4
610,61,61.1,61.2,61.3,61.4,61.5
611,61.1,61.2,61.3,61.4,61.5,61.6
612,61.2,61.3,61.4,61.5,61.6,61.7
613,61.3,61.4,61.5,61.6,61.7,61.8
614,61.4,61.5,61.6,61.7,61.8,61.9
615,61.5,61.6,61.7,61.8,61.9,62
616,61.6,61.7,61.8,61.9,62,62.1
617,61.7,61.8,61.9,62,62.1,62.2
618,61.8,61.9,62,62.1,62.2,62.3
619,61.9,62,62.1,62.2,62.3,62.4
620,62,62.1,62.2,62.3,62.4,62.5
621,62.1,62.2,62.3,62.4,62.5,62.6
622,62.2,62.3,62.4,62.5,62.6,62.7
623,62.3,62.4,62.5,62.6,62.7,62.8
624,62.4,62.5,62.6,62.7,62.8,62.9
625,62.5,62.6,62.7,62.8,62.9,63
626,62.6,62.7,62.8,62.9,63,63.1
627,62.7,62.8,62.9,63,63.1,63.2
628,62.8,62.9,63,63.1,63.2,63.3
629,62.9,63,63.1,63.2,63.3,63.4
630,63,63.1,63.2,63.3,63.4,63.5
631,63.1,63.2,63.3,63.4,63.5,63.6
632,63.2,63.3,63.4,63.5,63.6,63.7
633,63.3,63.4,63.5,63.6,63.7,63.8
634,63.4,63.5,63.6,63.7,63.8,63.9
635,63.5,63.6,63.7,63.8,63.9,64
636,63.6,63.7,63.8,63.9,64,64.1
637,63.7,63.8,63.9,64,64.1,64.2
638,63.8,63.9,64,64.1,64.2,64.3
639,63.9,64,64.1,64.2,64.3,64.4
640,64,64.1,64.2,64.3,64.4,64.5
641,64.1,64.2,64.3,64.4,64.5,64.6
642,64.2,64.3,64.4,64.5,64.6,64.7
643,64.3,64.4,64.5,64.6,64.7,64.8
644,64.4,64.5,64.6,64.7,64.8,64.9
645,64.5,64.6,64.7,64.8,64.9,65
646,64.6,64.7,64.8,64.9,65,65.1
647,64.7,64.8,64.9,65,65.1,65.2
648,64.8,64.9,65,65.1,65.2,65.3
649,64.9,65,65.1,65.2,65.3,65.4
650,65,65.1,65.2,65.3,65.4,65.5
651,65.1,65.2,65.3,65.4,65.5,65.6
652,65.2,65.3,65.4,65.5,65.6,65.7
653,65.3,65.4,65.5,65.6,65.7,65.8
654,65.4,65.5,65.6,65.7,65.8,65.9
655,65.5,65.6,65.7,65.8,65.9,66
656,65.6,65.7,65.8,65.9,66,66.1
657,65.7,65.8,65.9,66,66.1,66.2
658,65.8,65.9,66,66.1,66.2,66.3
659,65.9,66,66.1,66.2,66.3,66.4
660,66,66.1,66.2,66.3,66.4,66.5
661,66.1,66.2,66.3,66.4,66.5,66.6
662,66.2,66.3,66.4,66.5,66.6,66.7
663,66.3,66.4,66.5,66.6,66.7,66.8
664,66.4,66.5,66.6,66.7,66.8,66.9
665,66.5,66.6,66.7,66.8,66.9,67
666,66.6,66.7,66.8,66.9,67,67.1
667,66.7,66.8,66.9,67,67.1,67.2
668,66.8,66.9,67,67.1,67.2,67.3
669,66.9,67,67.1,67.2,67.3,67.4
670,67,67.1,67.2,67.3,67.4,67.5
671,67.1,67.2,67.3,67.4,67.5,67.6
672,67.2,67.3,67.4,67.5,67.6,67.7
673,67.3,67.4,67.5,67.6,67.7,67.8
674,67.4,67.5,67.6,67.7,67.8,67.9
675,67.5,67.6,67.7,67.8,67.9,68
676,67.6,67.7,67.8,67.9,68,68.1
677,67.7,67.8,67.9,68,68.1,68.2
678,67.8,67.9,68,68.1,68.2,68.3
679,67.9,68,68.1,68.2,68.3,68.4
680,68,68.1,68.2,68.3,68.4,68.5
681,68.1,68.2,68.3,68.4,68.5,68.6
682,68.2,68.3,68.4,68.5,68.6,68.7
683,68.3,68.4,68.5,68.6,68.7,68.8
684,68.4,68.5,68.6,68.7,68.8,68.9
685,68.5,68.6,68.7,68.8,68.9,69
686,68.6,68.7,68.8,68.9,69,69.1
687,68.7,68.8,68.9,69,69.1,69.2
688,68.8,68.9,69,69.1,69.2,69.3
689,68.9,69,69.1,69.2,69.3,69.4
690,69,69.1,69.2,69.3,69.4,69.5
691,69.1,69.2,69.3,69.4,69.5,69.6
692,69.2,69.3,69.4,69.5,69.6,69.7
693,69.3,69.4,69.5,69.6,69.7,69.8
694,69.4,69.5,69.6,69.7,69.8,69.9
695,69.5,69.6,69.7,69.8,69.9,70
696,69.6,69.7,69.8,69.9,70,70.1
697,69.7,69.8,69.9,70,70.1,70.2
698,69.8,69.9,70,70.1,70.2,70.3
699,69.9,70,70.1,70.2,70.3,70.4
700,70,70.1,70.2,70.3,70.4,70.5
701,70.1,70.2,70.3,70.4,70.5,70.6
702,70.2,70.3,70.4,70.5,70.6,70.7
703,70.3,70.4,70.5,70.6,70.7,70.8
704,70.4,70.5,70.6,70.7,70.8,70.9
705,70.5,70.6,70.7,70.8,70.9,71
706,70.6,70.7,70.8,70.9,71,71.1
707,70.7,70.8,70.9,71,71.1,71.2
708,70.8,70.9,71,71.1,71.2,71.3
709,70.9,71,71.1,71.2,71.3,71.4
710,71,71.1,71.2,71.3,71.4,71.5
711,71.1,71.2,71.3,71.4,71.5,71.6
712,71.2,71.3,71.4,71.5,71.6,71.7
713,71.3,71.4,71.5,71.6,71.7,71.8
714,71.4,71.5,71.6,71.7,71.8,71.9
715,71.5,71.6,71.7,71.8,71.9,72
716,71.6,71.7,71.8,71.9,72,72.1
717,71.7,71.8,71.9,72,72.1,72.2
718,71.8,71.9,72,72.1,72.2,72.3
719,71.9,72,72.1,72.2,72.3,72.4
720,72,72.1,72.2,72.3,72.4,72.5
721,72.1,72.2,72.3,72.4,72.5,72.6
722,72.2,72.3,72.4,72.5,72.6,72.7
723,72.3,72.4,72.5,72.6,72.7,72.8
724,72.4,72.5,72.6,72.7,72.8,72.9
725,72.5,72.6,72.7,72.8,72.9,73
726,72.6,72.7,72.8,72.9,73,73.1
727,72.7,72.8,72.9,73,73.1,73.2
728,72.8,72.9,73,73.1,73.2,73.3
729,72.9,73,73.1,73.2,73.3,73.4
730,73,73.1,73.2,73.3,73.4,73.5
731,73.1,73.2,73.3,73.4,73.5,73.6
732,73.2,73.3,73.4,73.5,73.6,73.7
733,73.3,73.4,73.5,73.6,73.7,73.8
734,73.4,73.5,73.6,73.7,73.8,73.9
735,73.5,73.6,73.7,73.8,73.9,74
736,73.6,73.7,73.8,73.9,74,74.1
737,73.7,73.8,73.9,74,74.1,74.2
738,73.8,73.9,74,74.1,74.2,74.3
739,73.9,74,74.1,74.2,74.3,74.4
740,74,74.1,74.2,74.3,74.4,74.5
741,74.1,74.2,74.3,74.4,74.5,74.6
742,74.2,74.3,74.4,74.5,74.6,74.7
743,74.3,74.4,74.5,74.6,74.7,74.8
744,74.4,74.5,74.6,74.7,74.8,74.9
745,74.5,74.6,74.7,74.8,74.9,75
746,74.6,74.7,74.8,74.9,75,75.1
747,74.7,74.8,74.9,75,75.1,75.2
748,74.8,74.9,75,75.1,75.2,75.3
749,74.9,75,75.1,75.2,75.3,75.4
750,75,75.1,75.2,75.3,75.4,75.5
751,75.1,75.2,75.3,75.4,75.5,75.6
752,75.2,75.3,75.4,75.5,75.6,75.7
753,75.3,75.4,75.5,75.6,75.7,75.8
754,75.4,75.5,75.6,75.7,75.8,75.9
755,75.5,75.6,75.7,75.8,75.9,76
756,75.6,75.7,75.8,75.9,76,76.1
757,75.7,75.8,75.9,76,76.1,76.2
758,75.8,75.9,76,76.1,76.2,76.3
759,75.9,76,76.1,76.2,76.3,76.4
760,76,76.1,76.2,76.3,76.4,76.5
761,76.1,76.2,76.3,76.4,76.5,76.6
762,76.2,76.3,76.4,76.5,76.6,76.7
763,76.3,76.4,76.5,76.6,76.7,76.8
764,76.4,76.5,76.6,76.7,76.8,76.9
765,76.5,76.6,76.7,76.8,76.9,77
766,76.6,76.7,76.8,76.9,77,77.1
767,76.7,76.8,76.9,77,77.1,77.2
768,76.8,76.9,77,77.1,77.2,77.3
769,76.9,77,77.1,77.2,77.3,77.4
770,77,77.1,77.2,77.3,77.4,77.5
771,77.1,77.2,77.3,77.4,77.5,77.6
772,77.2,77.3,77.4,77.5,77.6,77.7
773,77.3,77.4,77.5,77.6,77.7,77.8
774,77.4,77.5,77.6,77.7,77.8,77.9
775,77.5,77.6,77.7,77.8,77.9,78
776,77.6,77.7,77.8,77.9,78,78.1
777,77.7,77.8,77.9,78,78.1,78.2
778,77.8,77.9,78,78.1,78.2,78.3
779,77.9,78,78.1,78.2,78.3,78.4
780,78,78.1,78.2,78.3,78.4,78.5
781,78.1,78.2,78.3,78.4,78.5,78.6
782,78.2,78.3,78.4,78.5,78.6,78.7
783,78.3,78.4,78.5,78.6,78.7,78.8
784,78.4,78.5,78.6,78.7,78.8,78.9
785,78.5,78.6,78.7,78.8,78.9,79
786,78.6,78.7,78.8,78.9,79,79.1
787,78.7,78.8,78.9,79,79.1,79.2
788,78.8,78.9,79,79.1,79.2,79.3
789,78.9,79,79.1,79.2,79.3,79.4
790,79,79.1,79.2,79.3,79.4,79.5
791,79.1,79.2,79.3,79.4,79.5,79.6
792,79.2,79.3,79.4,79.5,79.6,79.7
793,79.3,79.4,79.5,79.6,79.7,79.8
794,79.4,79.5,79.6,79.7,79.8,79.9
795,79.5,79.6,79.7,79.8,79.9,80
796,79.6,79.7,79.8,79.9,80,80.1
797,79.7,79.8,79.9,80,80.1,80.2
798,79.8,79.9,80,80.1,80.2,80.3
799,79.9,80,80.1,80.2,80.3,80.4
800,80,80.1,80.2,80.3,80.4,80.5
801,80.1,80.2,80.3,80.4,80.5,80.6
802,80.2,80.3,80.4,80.5,80.6,80.7
803,80.3,80.4,80.5,80.6,80.7,80.8
804,80.4,80.5,80.6,80.7,80.8,80.9
805,80.5,80.6,80.7,80.8,80.9,81
806,80.6,80.7,80.8,80.9,81,81.1
807,80.7,80.8,80.9,81,81.1,81.2
808,80.8,80.9,81,81.1,81.2,81.3
809,80.9,81,81.1,81.2,81.3,81.4
810,81,81.1,81.2,81.3,81.4,81.5
811,81.1,81.2,81.3,81.4,81.5,81.6
812,81.2,81.3,81.4,81.5,81.6,81.7
813,81.3,81.4,81.5,81.6,81.7,81.8
814,81.4,81.5,81.6,81.7,81.8,81.9
815,81.5,81.6,81.7,81.8,81.9,82
816,81.6,81.7,81.8,81.9,82,82.1
817,81.7,81.8,81.9,82,82.1,82.2
818,81.8,81.9,82,82.1,82.2,82.3
819,81.9,82,82.1,82.2,82.3,82.4
820,82,82.1,82.2,82.3,82.4,82.5
821,82.1,82.2,82.3,82.4,82.5,82.6
822,82.2,82.3,82.4,82.5,82.6,82.7
823,82.3,82.4,82.5,82.6,82.7,82.8
824,82.4,82.5,82.6,82.7,82.8,82.9
825,82.5,82.6,82.7,82.8,82.9,83
826,82.6,82.7,82.8,82.9,83,83.1
827,82.7,82.8,82.9,83,83.1,83.2
828,82.8,82.9,83,83.1,83.2,83.3
829,82.9,83,83.1,83.2,83.3,83.4
830,83,83.1,83.2,83.3,83.4,83.5
831,83.1,83.2,83.3,83.4,83.5,83.6
832,83.2,83.3,83.4,83.5,83.6,83.7
833,83.3,83.4,83.5,83.6,83.7,83.8
834,83.4,83.5,83.6,83.7,83.8,83.9
835,83.5,83.6,83.7,83.8,83.9,84
836,83.6,83.7,83.8,83.9,84,84.1
837,83.7,83.8,83.9,84,84.1,84.2
838,83.8,83.9,84,84.1,84.2,84.3
839,83.9,84,84.1,84.2,84.3,84.4
840,84,84.1,84.2,84.3,84.4,84.5
841,84.1,84.2,84.3,84.4,84.5,84.6
842,84.2,84.3,84.4,84.5,84.6,84.7
843,84.3,84.4,84.5,84.6,84.7,84.8
844,84.4,84.5,84.6,84.7,84.8,84.9
845,84.5,84.6,84.7,84.8,84.9,85
846,84.6,84.7,84.8,84.9,85,85.1
847,84.7,84.8,84.9,85,85.1,85.2
848,84.8,84.9,85,85.1,85.2,85.3
849,84.9,85,85.1,85.2,85.3,85.4
850,85,85.1,85.2,85.3,85.4,85.5
851,85.1,85.2,85.3,85.4,85.5,85.6
852,85.2,85.3,85.4,85.5,85.6,85.7
853,85.3,85.4,85.5,85.6,85.7,85.8
854,85.4,85.5,85.6,85.7,85.8,85.9
855,85.5,85.6,85.7,85.8,85.9,86
856,85.6,85.7,85.8,85.9,86,86.1
857,85.7,85.8,85.9,86,86.1,86.2
858,85.8,85.9,86,86.1,86.2,86.3
859,85.9,86,86.1,86.2,86.3,86.4
860,86,86.1,86.2,86.3,86.4,86.5
861,86.1,86.2,86.3,86.4,86.5,86.6
862,86.2,86.3,86.4,86.5,86.6,86.7
863,86.3,86.4,86.5,86.6,86.7,86.8
864,86.4,86.5,86.6,86.7,86.8,86.9
865,86.5,86.6,86.7,86.8,86.9,87
866,86.6,86.7,86.8,86.9,87,87.1
867,86.7,86.8,86.9,87,87.1,87.2
868,86.8,86.9,87,87.1,87.2,87.3
869,86.9,87,87.1,87.2,87.3,87.4
870,87,87.1,87.2,87.3,87.4,87.5
871,87.1,87.2,87.3,87.4,87.5,87.6
872,87.2,87.3,87.4,87.5,87.6,87.7
873,87.3,87.4,87.5,87.6,87.7,87.8
874,87.4,87.5,87.6,87.7,87.8,87.9
875,87.5,87.6,87.7,87.8,87.9,88
876,87.6,87.7,87.8,87.9,88,88.1
877,87.7,87.8,87.9,88,88.1,88.2
878,87.8,87.9,88,88.1,88.2,88.3
879,87.9,88,88.1,88.2,88.3,88.4
880,88,88.1,88.2,88.3,88.4,88.5
881,88.1,88.2,88.3,88.4,88.5,88.6
882,88.2,88.3,88.4,88.5,88.6,88.7
883,88.3,88.4,88.5,88.6,88.7,88.8
884,88.4,88.5,88.6,88.7,88.8,88.9
885,88.5,88.6,88.7,88.8,88.9,89
886,88.6,88.7,88.8,88.9,89,89.1
887,88.7,88.8,88.9,89,89.1,89.2
888,88.8,88.9,89,89.1,89.2,89.3
889,88.9,89,89.1,89.2,89.3,89.4
890,89,89.1,89.2,89.3,89.4,89.5
891,89.1,89.2,89.3,89.4,89.5,89.6
892,89.2,89.3,89.4,89.5,89.6,89.7
893,89.3,89.4,89.5,89.6,89.7,89.8
894,89.4,89.5,89.6,89.7,89.8,89.9
895,89.5,89.6,89.7,89.8,89.9,90
896,89.6,89.7,89.8,89.9,90,90.1
897,89.7,89.8,89.9,90,90.1,90.2
898,89.8,89.9,90,90.1,90.2,90.3
899,89.9,90,90.1,90.2,90.3,90.4
900,90,90.1,90.2,90.3,90.4,90.5
901,90.1,90.2,90.3,90.4,90.5,90.6
902,90.2,90.3,90.4,90.5,90.6,90.7
903,90.3,90.4,90.5,90.6,90.7,90.8
904,90.4,90.5,90.6,90.7,90.8,90.9
905,90.5,90.6,90.7,90.8,90.9,91
906,90.6,90.7,90.8,90.9,91,91.1
907,90.7,90.8,90.9,91,91.1,91.2
908,90.8,90.9,91,91.1,91.2,91.3
909,90.9,91,91.1,91.2,91.3,91.4
910,91,91.1,91.2,91.3,91.4,91.5
911,91.1,91.2,91.3,91.4,91.5,91.6
912,91.2,91.3,91.4,91.5,91.6,91.7
913,91.3,91.4,91.5,91.6,91.7,91.8
914,91.4,91.5,91.6,91.7,91.8,91.9
915,91.5,91.6,91.7,91.8,91.9,92
916,91.6,91.7,91.8,91.9,92,92.1
917,91.7,91.8,91.9,92,92.1,92.2
918,91.8,91.9,92,92.1,92.2,92.3
919,91.9,92,92.1,92.2,92.3,92.4
920,92,92.1,92.2,92.3,92.4,92.5
921,92.1,92.2,92.3,92.4,92.5,92.6
922,92.2,92.3,92.4,92.5,92.6,92.7
923,92.3,92.4,92.5,92.6,92.7,92.8
924,92.4,92.5,92.6,92.7,92.8,92.9
925,92.5,92.6,92.7,92.8,92.9,93
926,92.6,92.7,92.8,92.9,93,93.1
927,92.7,92.8,92.9,93,93.1,93.2
928,92.8,92.9,93,93.1,93.2,93.3
929,92.9,93,93.1,93.2,93.3,93.4
930,93,93.1,93.2,93.3,93.4,93.5
931,93.1,93.2,93.3,93.4,93.5,93.6
932,93.2,93.3,93.4,93.5,93.6,93.7
933,93.3,93.4,93.5,93.6,93.7,93.8
934,93.4,93.5,93.6,93.7,93.8,93.9
935,93.5,93.6,93.7,93.8,93.9,94
936,93.6,93.7,93.8,93.9,94,94.1
937,93.7,93.8,93.9,94,94.1,94.2
938,93.8,93.9,94,94.1,94.2,94.3
939,93.9,94,94.1,94.2,94.3,94.4
940,94,94.1,94.2,94.3,94.4,94.5
941,94.1,94.2,94.3,94.4,94.5,94.6
942,94.2,94.3,94.4,94.5,94.6,94.7
943,94.3,94.4,94.5,94.6,94.7,94.8
944,94.4,94.5,94.6,94.7,94.8,94.9
945,94.5,94.6,94.7,94.8,94.9,95
946,94.6,94.7,94.8,94.9,95,95.1
947,94.7,94.8,94.9,95,95.1,95.2
948,94.8,94.9,95,95.1,95.2,95.3
949,94.9,95,95.1,95.2,95.3,95.4
950,95,95.1,95.2,95.3,95.4,95.5
951,95.1,95.2,95.3,95.4,95.5,95.6
952,95.2,95.3,95.4,95.5,95.6,95.7
953,95.3,95.4,95.5,95.6,95.7,95.8
954,95.4,95.5,95.6,95.7,95.8,95.9
955,95.5,95.6,95.7,95.8,95.9,96
956,95.6,95.7,95.8,95.9,96,96.1
957,95.7,95.8,95.9,96,96.1,96.2
958,95.8,95.9,96,96.1,96.2,96.3
959,95.9,96,96.1,96.2,96.3,96.4
960,96,96.1,96.2,96.3,96.4,96.5
961,96.1,96.2,96.3,96.4,96.5,96.6
962,96.2,96.3,96.4,96.5,96.6,96.7
963,96.3,96.4,96.5,96.6,96.7,96.8
964,96.4,96.5,96.6,96.7,96.8,96.9
965,96.5,96.6,96.7,96.8,96.9,97
966,96.6,96.7,96.8,96.9,97,97.1
967,96.7,96.8,96.9,97,97.1,97.2
968,96.8,96.9,97,97.1,97.2,97.3
969,96.9,97,97.1,97.2,97.3,97.4
970,97,97.1,97.2,97.3,97.4,97.5
971,97.1,97.2,97.3,97.4,97.5,97.6
972,97.2,97.3,97.4,97.5,97.6,97.7
973,97.3,97.4,97.5,97.6,97.7,97.8
974,97.4,97.5,97.6,97.7,97.8,97.9
975,97.5,97.6,97.7,97.8,97.9,98
976,97.6,97.7,97.8,97.9,98,98.1
977,97.7,97.8,97.9,98,98.1,98.2
978,97.8,97.9,98,98.1,98.2,98.3
979,97.9,98,98.1,98.2,98.3,98.4
980,98,98.1,98.2,98.3,98.4,98.5
981,98.1,98.2,98.3,98.4,98.5,98.6
982,98.2,98.3,98.4,98.5,98.6,98.7
983,98.3,98.4,98.5,98.6,98.7,98.8
984,98.4,98.5,98.6,98.7,98.8,98.9
985,98.5,98.6,98.7,98.8,98.9,99
986,98.6,98.7,98.8,98.9,99,99.1
987,98.7,98.8,98.9,99,99.1,99.2
988,98.8,98.9,99,99.1,99.2,99.3
989,98.9,99,99.1,99.2,99.3,99.4
990,99,99.1,99.2,99.3,99.4,99.5
991,99.1,99.2,99.3,99.4,99.5,99.6
992,99.2,99.3,99.4,99.5,99.6,99.7
993,99.3,99.4,99.5,99.6,99.7,99.8
994,99.4,99.5,99.6,99.7,99.8,99.9
995,99.5,99.6,99.7,99.8,99.9,100
996,99.6,99.7,99.8,99.9,100,100.1
997,99.7,99.8,99.9,100,100.1,100.2
998,99.8,99.9,100,100.1,100.2,100.3
999,99.9,100,100.1,100.2,100.3,100.4
1000,100,100.1,100.2,100.3,100.4,100.5
1001,100.1,100.2,100.3,100.4,100.5,100.6
1002,100.2,100.3,100.4,100.5,100.6,100.7
1003,100.3,100.4,100.5,100.6,100.7,100.8
1004,100.4,100.5,100.6,100.7,100.8,100.9
1005,100.5,100.6,100.7,100.8,100.9,101
1006,100.6,100.7,100.8,100.9,101,101.1
1007,100.7,100.8,100.9,101,101.1,101.2
1008,100.8,100.9,101,101.1,101.2,101.3
1009,100.9,101,101.1,101.2,101.3,101.4
1010,101,101.1,101.2,101.3,101.4,101.5
1011,101.1,101.2,101.3,101.4,101.5,101.6
1012,101.2,101.3,101.4,101.5,101.6,101.7
1013,101.3,101.4,101.5,101.6,101.7,101.8
1014,101.4,101.5,101.6,101.7,101.8,101.9
1015,101.5,101.6,101.7,101.8,101.9,102
1016,101.6,101.7,101.8,101.9,102,102.1
1017,101.7,101.8,101.9,102,102.1,102.2
1018,101.8,101.9,102,102.1,102.2,102.3
1019,101.9,102,102.1,102.2,102.3,102.4
1020,102,102.1,102.2,102.3,102.4,102.5
1021,102.1,102.2,102.3,102.4,102.5,102.6
1022,102.2,102.3,102.4,102.5,102.6,102.7
1023,102.3,102.4,102.5,102.6,102.7,102.8
1024,102.4,102.5,102.6,102.7,102.8,102.9
1025,102.5,102.6,102.7,102.8,102.9,103
1026,102.6,102.7,102.8,102.9,103,103.1
1027,102.7,102.8,102.9,103,103.1,103.2
1028,102.8,102.9,103,103.1,103.2,103.3
1029,102.9,103,103.1,103.2,103.3,103.4
1030,103,103.1,103.2,103.3,103.4,103.5
1031,103.1,103.2,103.3,103.4,103.5,103.6
1032,103.2,103.3,103.4,103.5,103.6,103.7
1033,103.3,103.4,103.5,103.6,103.7,103.8
1034,103.4,103.5,103.6,103.7,103.8,103.9
1035,103.5,103.6,103.7,103.8,103.9,104
1036,103.6,103.7,103.8,103.9,104,104.1
1037,103.7,103.8,103.9,104,104.1,104.2
1038,103.8,103.9,104,104.1,104.2,104.3
1039,103.9,104,104.1,104.2,104.3,104.4
1040,104,104.1,104.2,104.3,104.4,104.5
1041,104.1,104.2,104.3,104.4,104.5,104.6
1042,104.2,104.3,104.4,104.5,104.6,104.7
1043,104.3,104.4,104.5,104.6,104.7,104.8
1044,104.4,104.5,104.6,104.7,104.8,104.9
1045,104.5,104.6,104.7,104.8,104.9,105
1046,104.6,104.7,104.8,104.9,105,105.1
1047,104.7,104.8,104.9,105,105.1,105.2
1048,104.8,104.9,105,105.1,105.2,105.3
1049,104.9,105,105.1,105.2,105.3,105.4
1050,105,105.1,105.2,105.3,105.4,105.5
1051,105.1,105.2,105.3,105.4,105.5,105.6
1052,105.2,105.3,105.4,105.5,105.6,105.7
1053,105.3,105.4,105.5,105.6,105.7,105.8
1054,105.4,105.5,105.6,105.7,105.8,105.9
1055,105.5,105.6,105.7,105.8,105.9,106
1056,105.6,105.7,105.8,105.9,106,106.1
1057,105.7,105.8,105.9,106,106.1,106.2
1058,105.8,105.9,106,106.1,106.2,106.3
1059,105.9,106,106.1,106.2,106.3,106.4
1060,106,106.1,106.2,106.3,106.4,106.5
1061,106.1,106.2,106.3,106.4,106.5,106.6
1062,106.2,106.3,106.4,106.5,106.6,106.7
1063,106.3,106.4,106.5,106.6,106.7,106.8
1064,106.4,106.5,106.6,106.7,106.8,106.9
1065,106.5,106.6,106.7,106.8,106.9,107
1066,106.6,106.7,106.8,106.9,107,107.1
1067,106.7,106.8,106.9,107,107.1,107.2
1068,106.8,106.9,107,107.1,107.2,107.3
1069,106.9,107,107.1,107.2,107.3,107.4
1070,107,107.1,107.2,107.3,107.4,107.5
1071,107.1,107.2,107.3,107.4,107.5,107.6
1072,107.2,107.3,107.4,107.5,107.6,107.7
1073,107.3,107.4,107.5,107.6,107.7,107.8
1074,107.4,107.5,107.6,107.7,107.8,107.9
1075,107.5,107.6,107.7,107.8,107.9,108
1076,107.6,107.7,107.8,107.9,108,108.1
1077,107.7,107.8,107.9,108,108.1,108.2
1078,107.8,107.9,108,108.1,108.2,108.3
1079,107.9,108,108.1,108.2,108.3,108.4
1080,108,108.1,108.2,108.3,108.4,108.5
1081,108.1,108.2,108.3,108.4,108.5,108.6
1082,108.2,108.3,108.4,108.5,108.6,108.7
1083,108.3,108.4,108.5,108.6,108.7,108.8
1084,108.4,108.5,108.6,108.7,108.8,108.9
1085,108.5,108.6,108.7,108.8,108.9,109
1086,108.6,108.7,108.8,108.9,109,109.1
1087,108.7,108.8,108.9,109,109.1,109.2
1088,108.8,108.9,109,109.1,109.2,109.3
1089,108.9,109,109.1,109.2,109.3,109.4
1090,109,109.1,109.2,109.3,109.4,109.5
1091,109.1,109.2,109.3,109.4,109.5,109.6
1092,109.2,109.3,109.4,109.5,109.6,109.7
1093,109.3,109.4,109.5,109.6,109.7,109.8
1094,109.4,109.5,109.6,109.7,109.8,109.9
1095,109.5,109.6,109.7,109.8,109.9,110
1096,109.6,109.7,109.8,109.9,110,110.1
1097,109.7,109.8,109.9,110,110.1,110.2
1098,109.8,109.9,110,110.1,110.2,110.3
1099,109.9,110,110.1,110.2,110.3,110.4
1100,110,110.1,110.2,110.3,110.4,110.5
1101,110.1,110.2,110.3,110.4,110.5,110.6
1102,110.2,110.3,110.4,110.5,110.6,110.7
1103,110.3,110.4,110.5,110.6,110.7,110.8
1104,110.4,110.5,110.6,110.7,110.8,110.9
1105,110.5,110.6,110.7,110.8,110.9,111
1106,110.6,110.7,110.8,110.9,111,111.1
1107,110.7,110.8,110.9,111,111.1,111.2
1108,110.8,110.9,111,111.1,111.2,111.3
1109,110.9,111,111.1,111.2,111.3,111.4
1110,111,111.1,111.2,111.3,111.4,111.5
1111,111.1,111.2,111.3,111.4,111.5,111.6
1112,111.2,111.3,111.4,111.5,111.6,111.7
1113,111.3,111.4,111.5,111.6,111.7,111.8
1114,111.4,111.5,111.6,111.7,111.8,111.9
1115,111.5,111.6,111.7,111.8,111.9,112
1116,111.6,111.7,111.8,111.9,112,112.1
1117,111.7,111.8,111.9,112,112.1,112.2
1118,111.8,111.9,112,112.1,112.2,112.3
1119,111.9,112,112.1,112.2,112.3,112.4
1120,112,112.1,112.2,112.3,112.4,112.5
1121,112.1,112.2,112.3,112.4,112.5,112.6
1122,112.2,112.3,112.4,112.5,112.6,112.7
1123,112.3,112.4,112.5,112.6,112.7,112.8
1124,112.4,112.5,112.6,112.7,112.8,112.9
1125,112.5,112.6,112.7,112.8,112.9,113
1126,112.6,112.7,112.8,112.9,113,113.1
1127,112.7,112.8,112.9,113,113.1,113.2
1128,112.8,112.9,113,113.1,113.2,113.3
1129,112.9,113,113.1,113.2,113.3,113.4
1130,113,113.1,113.2,113.3,113.4,113.5
1131,113.1,113.2,113.3,113.4,113.5,113.6
1132,113.2,113.3,113.4,113.5,113.6,113.7
1133,113.3,113.4,113.5,113.6,113.7,113.8
1134,113.4,113.5,113.6,113.7,113.8,113.9
1135,113.5,113.6,113.7,113.8,113.9,114
1136,113.6,113.7,113.8,113.9,114,114.1
1137,113.7,113.8,113.9,114,114.1,114.2
1138,113.8,113.9,114,114.1,114.2,114.3
1139,113.9,114,114.1,114.2,114.3,114.4
1140,114,114.1,114.2,114.3,114.4,114.5
1141,114.1,114.2,114.3,114.4,114.5,114.6
1142,114.2,114.3,114.4,114.5,114.6,114.7
1143,114.3,114.4,114.5,114.6,114.7,114.8
1144,114.4,114.5,114.6,114.7,114.8,114.9
1145,114.5,114.6,114.7,114.8,114.9,115
1146,114.6,114.7,114.8,114.9,115,115.1
1147,114.7,114.8,114.9,115,115.1,115.2
1148,114.8,114.9,115,115.1,115.2,115.3
1149,114.9,115,115.1,115.2,115.3,115.4
1150,115,115.1,115.2,115.3,115.4,115.5
1151,115.1,115.2,115.3,115.4,115.5,115.6
1152,115.2,115.3,115.4,115.5,115.6,115.7
1153,115.3,115.4,115.5,115.6,115.7,115.8
1154,115.4,115.5,115.6,115.7,115.8,115.9
1155,115.5,115.6,115.7,115.8,115.9,116
1156,115.6,115.7,115.8,115.9,116,116.1
1157,115.7,115.8,115.9,116,116.1,116.2
1158,115.8,115.9,116,116.1,116.2,116.3
1159,115.9,116,116.1,116.2,116.3,116.4
1160,116,116.1,116.2,116.3,116.4,116.5
1161,116.1,116.2,116.3,116.4,116.5,116.6
1162,116.2,116.3,116.4,116.5,116.6,116.7
1163,116.3,116.4,116.5,116.6,116.7,116.8
1164,116.4,116.5,116.6,116.7,116.8,116.9
1165,116.5,116.6,116.7,116.8,116.9,117
1166,116.6,116.7,116.8,116.9,117,117.1
1167,116.7,116.8,116.9,117,117.1,117.2
1168,116.8,116.9,117,117.1,117.2,117.3
1169,116.9,117,117.1,117.2,117.3,117.4
1170,117,117.1,117.2,117.3,117.4,117.5
1171,117.1,117.2,117.3,117.4,117.5,117.6
1172,117.2,117.3,117.4,117.5,117.6,117.7
1173,117.3,117.4,117.5,117.6,117.7,117.8
1174,117.4,117.5,117.6,117.7,117.8,117.9
1175,117.5,117.6,117.7,117.8,117.9,118
1176,117.6,117.7,117.8,117.9,118,118.1
1177,117.7,117.8,117.9,118,118.1,118.2
1178,117.8,117.9,118,118.1,118.2,118.3
1179,117.9,118,118.1,118.2,118.3,118.4
1180,118,118.1,118.2,118.3,118.4,118.5
1181,118.1,118.2,118.3,118.4,118.5,118.6
1182,118.2,118.3,118.4,118.5,118.6,118.7
1183,118.3,118.4,118.5,118.6,118.7,118.8
1184,118.4,118.5,118.6,118.7,118.8,118.9
1185,118.5,118.6,118.7,118.8,118.9,119
1186,118.6,118.7,118.8,118.9,119,119.1
1187,118.7,118.8,118.9,119,119.1,119.2
1188,118.8,118.9,119,119.1,119.2,119.3
1189,118.9,119,119.1,119.2,119.3,119.4
1190,119,119.1,119.2,119.3,119.4,119.5
1191,119.1,119.2,119.3,119.4,119.5,119.6
1192,119.2,119.3,119.4,119.5,119.6,119.7
1193,119.3,119.4,119.5,119.6,119.7,119.8
1194,119.4,119.5,119.6,119.7,119.8,119.9
1195,119.5,119.6,119.7,119.8,119.9,120
1196,119.6,119.7,119.8,119.9,120,120.1
1197,119.7,119.8,119.9,120,120.1,120.2
1198,119.8,119.9,120,120.1,120.2,120.3
1199,119.9,120,120.1,120.2,120.3,120.4
1200,120,120.1,120.2,120.3,120.4,120.5
1201,120.1,120.2,120.3,120.4,120.5,120.6
1202,120.2,120.3,120.4,120.5,120.6,120.7
1203,120.3,120.4,120.5,120.6,120.7,120.8
1204,120.4,120.5,120.6,120.7,120.8,120.9
1205,120.5,120.6,120.7,120.8,120.9,121
1206,120.6,120.7,120.8,120.9,121,121.1
1207,120.7,120.8,120.9,121,121.1,121.2
1208,120.8,120.9,121,121.1,121.2,121.3
1209,120.9,121,121.1,121.2,121.3,121.4
1210,121,121.1,121.2,121.3,121.4,121.5
1211,121.1,121.2,121.3,121.4,121.5,121.6
1212,121.2,121.3,121.4,121.5,121.6,121.7
1213,121.3,121.4,121.5,121.6,121.7,121.8
1214,121.4,121.5,121.6,121.7,121.8,121.9
1215,121.5,121.6,121.7,121.8,121.9,122
1216,121.6,121.7,121.8,121.9,122,122.1
1217,121.7,121.8,121.9,122,122.1,122.2
1218,121.8,121.9,122,122.1,122.2,122.3
1219,121.9,122,122.1,122.2,122.3,122.4
1220,122,122.1,122.2,122.3,122.4,122.5
1221,122.1,122.2,122.3,122.4,122.5,122.6
1222,122.2,122.3,122.4,122.5,122.6,122.7
1223,122.3,122.4,122.5,122.6,122.7,122.8
1224,122.4,122.5,122.6,122.7,122.8,122.9
1225,122.5,122.6,122.7,122.8,122.9,123
1226,122.6,122.7,122.8,122.9,123,123.1
1227,122.7,122.8,122.9,123,123.1,123.2
1228,122.8,122.9,123,123.1,123.2,123.3
1229,122.9,123,123.1,123.2,123.3,123.4
1230,123,123.1,123.2,123.3,123.4,123.5
1231,123.1,123.2,123.3,123.4,123.5,123.6
1232,123.2,123.3,123.4,123.5,123.6,123.7
1233,123.3,123.4,123.5,123.6,123.7,123.8
1234,123.4,123.5,123.6,123.7,123.8,123.9
1235,123.5,123.6,123.7,123.8,123.9,124
1236,123.6,123.7,123.8,123.9,124,124.1
1237,123.7,123.8,123.9,124,124.1,124.2
1238,123.8,123.9,124,124.1,124.2,124.3
1239,123.9,124,124.1,124.2,124.3,124.4
1240,124,124.1,124.2,124.3,124.4,124.5
1241,124.1,124.2,124.3,124.4,124.5,124.6
1242,124.2,124.3,124.4,124.5,124.6,124.7
1243,124.3,124.4,124.5,124.6,124.7,124.8
1244,124.4,124.5,124.6,124.7,124.8,124.9
1245,124.5,124.6,124.7,124.8,124.9,125
1246,124.6,124.7,124.8,124.9,125,125.1
1247,124.7,124.8,124.9,125,125.1,125.2
1248,124.8,124.9,125,125.1,125.2,125.3
1249,124.9,125,125.1,125.2,125.3,125.4
1250,125,125.1,125.2,125.3,125.4,125.5
1251,125.1,125.2,125.3,125.4,125.5,125.6
1252,125.2,125.3,125.4,125.5,125.6,125.7
1253,125.3,125.4,125.5,125.6,125.7,125.8
1254,125.4,125.5,125.6,125.7,125.8,125.9
1255,125.5,125.6,125.7,125.8,125.9,126
1256,125.6,125.7,125.8,125.9,126,126.1
1257,125.7,125.8,125.9,126,126.1,126.2
1258,125.8,125.9,126,126.1,126.2,126.3
1259,125.9,126,126.1,126.2,126.3,126.4
1260,126,126.1,126.2,126.3,126.4,126.5
1261,126.1,126.2,126.3,126.4,126.5,126.6
1262,126.2,126.3,126.4,126.5,126.6,126.7
1263,126.3,126.4,126.5,126.6,126.7,126.8
1264,126.4,126.5,126.6,126.7,126.8,126.9
1265,126.5,126.6,126.7,126.8,126.9,127
1266,126.6,126.7,126.8,126.9,127,127.1
1267,126.7,126.8,126.9,127,127.1,127.2
1268,126.8,126.9,127,127.1,127.2,127.3
1269,126.9,127,127.1,127.2,127.3,127.4
1270,127,127.1,127.2,127.3,127.4,127.5
1271,127.1,127.2,127.3,127.4,127.5,127.6
1272,127.2,127.3,127.4,127.5,127.6,127.7
1273,127.3,127.4,127.5,127.6,127.7,127.8
1274,127.4,127.5,127.6,127.7,127.8,127.9
1275,127.5,127.6,127.7,127.8,127.9,128
1276,127.6,127.7,127.8,127.9,128,128.1
1277,127.7,127.8,127.9,128,128.1,128.2
1278,127.8,127.9,128,128.1,128.2,128.3
1279,127.9,128,128.1,128.2,128.3,128.4
1280,128,128.1,128.2,128.3,128.4,128.5
1281,128.1,128.2,128.3,128.4,128.5,128.6
1282,128.2,128.3,128.4,128.5,128.6,128.7
1283,128.3,128.4,128.5,128.6,128.7,128.8
1284,128.4,128.5,128.6,128.7,128.8,128.9
1285,128.5,128.6,128.7,128.8,128.9,129
1286,128.6,128.7,128.8,128.9,129,129.1
1287,128.7,128.8,128.9,129,129.1,129.2
1288,128.8,128.9,129,129.1,129.2,129.3
1289,128.9,129,129.1,129.2,129.3,129.4
1290,129,129.1,129.2,129.3,129.4,129.5
1291,129.1,129.2,129.3,129.4,129.5,129.6
1292,129.2,129.3,129.4,129.5,129.6,129.7
1293,129.3,129.4,129.5,129.6,129.7,129.8
1294,129.4,129.5,129.6,129.7,129.8,129.9
1295,129.5,129.6,129.7,129.8,129.9,130
1296,129.6,129.7,129.8,129.9,130,130.1
1297,129.7,129.8,129.9,130,130.1,130.2
1298,129.8,129.9,130,130.1,130.2,130.3
1299,129.9,130,130.1,130.2,130.3,130.4
1300,130,130.1,130.2,130.3,130.4,130.5
1301,130.1,130.2,130.3,130.4,130.5,130.6
1302,130.2,130.3,130.4,130.5,130.6,130.7
1303,130.3,130.4,130.5,130.6,130.7,130.8
1304,130.4,130.5,130.6,130.7,130.8,130.9
1305,130.5,130.6,130.7,130.8,130.9,131
1306,130.6,130.7,130.8,130.9,131,131.1
1307,130.7,130.8,130.9,131,131.1,131.2
1308,130.8,130.9,131,131.1,131.2,131.3
1309,130.9,131,131.1,131.2,131.3,131.4
1310,131,131.1,131.2,131.3,131.4,131.5
1311,131.1,131.2,131.3,131.4,131.5,131.6
1312,131.2,131.3,131.4,131.5,131.6,131.7
1313,131.3,131.4,131.5,131.6,131.7,131.8
1314,131.4,131.5,131.6,131.7,131.8,131.9
1315,131.5,131.6,131.7,131.8,131.9,132
1316,131.6,131.7,131.8,131.9,132,132.1
1317,131.7,131.8,131.9,132,132.1,132.2
1318,131.8,131.9,132,132.1,132.2,132.3
1319,131.9,132,132.1,132.2,132.3,132.4
1320,132,132.1,132.2,132.3,132.4,132.5
1321,132.1,132.2,132.3,132.4,132.5,132.6
1322,132.2,132.3,132.4,132.5,132.6,132.7
1323,132.3,132.4,132.5,132.6,132.7,132.8
1324,132.4,132.5,132.6,132.7,132.8,132.9
1325,132.5,132.6,132.7,132.8,132.9,133
1326,132.6,132.7,132.8,132.9,133,133.1
1327,132.7,132.8,132.9,133,133.1,133.2
1328,132.8,132.9,133,133.1,133.2,133.3
1329,132.9,133,133.1,133.2,133.3,133.4
1330,133,133.1,133.2,133.3,133.4,133.5
1331,133.1,133.2,133.3,133.4,133.5,133.6
1332,133.2,133.3,133.4,133.5,133.6,133.7
1333,133.3,133.4,133.5,133.6,133.7,133.8
1334,133.4,133.5,133.6,133.7,133.8,133.9
1335,133.5,133.6,133.7,133.8,133.9,134
1336,133.6,133.7,133.8,133.9,134,134.1
1337,133.7,133.8,133.9,134,134.1,134.2
1338,133.8,133.9,134,134.1,134.2,134.3
1339,133.9,134,134.1,134.2,134.3,134.4
1340,134,134.1,134.2,134.3,134.4,134.5
1341,134.1,134.2,134.3,134.4,134.5,134.6
1342,134.2,134.3,134.4,134.5,134.6,134.7
1343,134.3,134.4,134.5,134.6,134.7,134.8
1344,134.4,134.5,134.6,134.7,134.8,134.9
1345,134.5,134.6,134.7,134.8,134.9,135
1346,134.6,134.7,134.8,134.9,135,135.1
1347,134.7,134.8,134.9,135,135.1,135.2
1348,134.8,134.9,135,135.1,135.2,135.3
1349,134.9,135,135.1,135.2,135.3,135.4
1350,135,135.1,135.2,135.3,135.4,135.5
1351,135.1,135.2,135.3,135.4,135.5,135.6
1352,135.2,135.3,135.4,135.5,135.6,135.7
1353,135.3,135.4,135.5,135.6,135.7,135.8
1354,135.4,135.5,135.6,135.7,135.8,135.9
1355,135.5,135.6,135.7,135.8,135.9,136
1356,135.6,135.7,135.8,135.9,136,136.1
1357,135.7,135.8,135.9,136,136.1,136.2
1358,135.8,135.9,136,136.1,136.2,136.3
1359,135.9,136,136.1,136.2,136.3,136.4
1360,136,136.1,136.2,136.3,136.4,136.5
1361,136.1,136.2,136.3,136.4,136.5,136.6
1362,136.2,136.3,136.4,136.5,136.6,136.7
1363,136.3,136.4,136.5,136.6,136.7,136.8
1364,136.4,136.5,136.6,136.7,136.8,136.9
1365,136.5,136.6,136.7,136.8,136.9,137
1366,136.6,136.7,136.8,136.9,137,137.1
1367,136.7,136.8,136.9,137,137.1,137.2
1368,136.8,136.9,137,137.1,137.2,137.3
1369,136.9,137,137.1,137.2,137.3,137.4
1370,137,137.1,137.2,137.3,137.4,137.5
1371,137.1,137.2,137.3,137.4,137.5,137.6
1372,137.2,137.3,137.4,137.5,137.6,137.7
1373,137.3,137.4,137.5,137.6,137.7,137.8
1374,137.4,137.5,137.6,137.7,137.8,137.9
1375,137.5,137.6,137.7,137.8,137.9,138
1376,137.6,137.7,137.8,137.9,138,138.1
1377,137.7,137.8,137.9,138,138.1,138.2
1378,137.8,137.9,138,138.1,138.2,138.3
1379,137.9,138,138.1,138.2,138.3,138.4
1380,138,138.1,138.2,138.3,138.4,138.5
1381,138.1,138.2,138.3,138.4,138.5,138.6
1382,138.2,138.3,138.4,138.5,138.6,138.7
1383,138.3,138.4,138.5,138.6,138.7,138.8
1384,138.4,138.5,138.6,138.7,138.8,138.9
1385,138.5,138.6,138.7,138.8,138.9,139
1386,138.6,138.7,138.8,138.9,139,139.1
1387,138.7,138.8,138.9,139,139.1,139.2
1388,138.8,138.9,139,139.1,139.2,139.3
1389,138.9,139,139.1,139.2,139.3,139.4
1390,139,139.1,139.2,139.3,139.4,139.5
1391,139.1,139.2,139.3,139.4,139.5,139.6
1392,139.2,139.3,139.4,139.5,139.6,139.7
1393,139.3,139.4,139.5,139.6,139.7,139.8
1394,139.4,139.5,139.6,139.7,139.8,139.9
1395,139.5,139.6,139.7,139.8,139.9,140
1396,139.6,139.7,139.8,139.9,140,140.1
1397,139.7,139.8,139.9,140,140.1,140.2
1398,139.8,139.9,140,140.1,140.2,140.3
1399,139.9,140,140.1,140.2,140.3,140.4
1400,140,140.1,140.2,140.3,140.4,140.5
1401,140.1,140.2,140.3,140.4,140.5,140.6
1402,140.2,140.3,140.4,140.5,140.6,140.7
1403,140.3,140.4,140.5,140.6,140.7,140.8
1404,140.4,140.5,140.6,140.7,140.8,140.9
1405,140.5,140.6,140.7,140.8,140.9,141
1406,140.6,140.7,140.8,140.9,141,141.1
1407,140.7,140.8,140.9,141,141.1,141.2
1408,140.8,140.9,141,141.1,141.2,141.3
1409,140.9,141,141.1,141.2,141.3,141.4
1410,141,141.1,141.2,141.3,141.4,141.5
1411,141.1,141.2,141.3,141.4,141.5,141.6
1412,141.2,141.3,141.4,141.5,141.6,141.7
1413,141.3,141.4,141.5,141.6,141.7,141.8
1414,141.4,141.5,141.6,141.7,141.8,141.9
1415,141.5,141.6,141.7,141.8,141.9,142
1416,141.6,141.7,141.8,141.9,142,142.1
1417,141.7,141.8,141.9,142,142.1,142.2
1418,141.8,141.9,142,142.1,142.2,142.3
1419,141.9,142,142.1,142.2,142.3,142.4
1420,142,142.1,142.2,142.3,142.4,142.5
1421,142.1,142.2,142.3,142.4,142.5,142.6
1422,142.2,142.3,142.4,142.5,142.6,142.7
1423,142.3,142.4,142.5,142.6,142.7,142.8
1424,142.4,142.5,142.6,142.7,142.8,142.9
1425,142.5,142.6,142.7,142.8,142.9,143
1426,142.6,142.7,142.8,142.9,143,143.1
1427,142.7,142.8,142.9,143,143.1,143.2
1428,142.8,142.9,143,143.1,143.2,143.3
1429,142.9,143,143.1,143.2,143.3,143.4
1430,143,143.1,143.2,143.3,143.4,143.5
1431,143.1,143.2,143.3,143.4,143.5,143.6
1432,143.2,143.3,143.4,143.5,143.6,143.7
1433,143.3,143.4,143.5,143.6,143.7,143.8
1434,143.4,143.5,143.6,143.7,143.8,143.9
1435,143.5,143.6,143.7,143.8,143.9,144
1436,143.6,143.7,143.8,143.9,144,144.1
1437,143.7,143.8,143.9,144,144.1,144.2
1438,143.8,143.9,144,144.1,144.2,144.3
1439,143.9,144,144.1,144.2,144.3,144.4
1440,144,144.1,144.2,144.3,144.4,144.5
1441,144.1,144.2,144.3,144.4,144.5,144.6
1442,144.2,144.3,144.4,144.5,144.6,144.7
1443,144.3,144.4,144.5,144.6,144.7,144.8
1444,144.4,144.5,144.6,144.7,144.8,144.9
1445,144.5,144.6,144.7,144.8,144.9,145
1446,144.6,144.7,144.8,144.9,145,145.1
1447,144.7,144.8,144.9,145,145.1,145.2
1448,144.8,144.9,145,145.1,145.2,145.3
1449,144.9,145,145.1,145.2,145.3,145.4
1450,145,145.1,145.2,145.3,145.4,145.5
1451,145.1,145.2,145.3,145.4,145.5,145.6
1452,145.2,145.3,145.4,145.5,145.6,145.7
1453,145.3,145.4,145.5,145.6,145.7,145.8
1454,145.4,145.5,145.6,145.7,145.8,145.9
1455,145.5,145.6,145.7,145.8,145.9,146
1456,145.6,145.7,145.8,145.9,146,146.1
1457,145.7,145.8,145.9,146,146.1,146.2
1458,145.8,145.9,146,146.1,146.2,146.3
1459,145.9,146,146.1,146.2,146.3,146.4
1460,146,146.1,146.2,146.3,146.4,146.5
1461,146.1,146.2,146.3,146.4,146.5,146.6
1462,146.2,146.3,146.4,146.5,146.6,146.7
1463,146.3,146.4,146.5,146.6,146.7,146.8
1464,146.4,146.5,146.6,146.7,146.8,146.9
1465,146.5,146.6,146.7,146.8,146.9,147
1466,146.6,146.7,146.8,146.9,147,147.1
1467,146.7,146.8,146.9,147,147.1,147.2
1468,146.8,146.9,147,147.1,147.2,147.3
1469,146.9,147,147.1,147.2,147.3,147.4
1470,147,147.1,147.2,147.3,147.4,147.5
1471,147.1,147.2,147.3,147.4,147.5,147.6
1472,147.2,147.3,147.4,147.5,147.6,147.7
1473,147.3,147.4,147.5,147.6,147.7,147.8
1474,147.4,147.5,147.6,147.7,147.8,147.9
1475,147.5,147.6,147.7,147.8,147.9,148
1476,147.6,147.7,147.8,147.9,148,148.1
1477,147.7,147.8,147.9,148,148.1,148.2
1478,147.8,147.9,148,148.1,148.2,148.3
1479,147.9,148,148.1,148.2,148.3,148.4
1480,148,148.1,148.2,148.3,148.4,148.5
1481,148.1,148.2,148.3,148.4,148.5,148.6
1482,148.2,148.3,148.4,148.5,148.6,148.7
1483,148.3,148.4,148.5,148.6,148.7,148.8
1484,148.4,148.5,148.6,148.7,148.8,148.9
1485,148.5,148.6,148.7,148.8,148.9,149
1486,148.6,148.7,148.8,148.9,149,149.1
1487,148.7,148.8,148.9,149,149.1,149.2
1488,148.8,148.9,149,149.1,149.2,149.3
1489,148.9,149,149.1,149.2,149.3,149.4
1490,149,149.1,149.2,149.3,149.4,149.5
1491,149.1,149.2,149.3,149.4,149.5,149.6
1492,149.2,149.3,149.4,149.5,149.6,149.7
1493,149.3,149.4,149.5,149.6,149.7,149.8
1494,149.4,149.5,149.6,149.7,149.8,149.9
1495,149.5,149.6,149.7,149.8,149.9,150
1496,149.6,149.7,149.8,149.9,150,150.1
1497,149.7,149.8,149.9,150,150.1,150.2
1498,149.8,149.9,150,150.1,150.2,150.3
1499,149.9,150,150.1,150.2,150.3,150.4
1500,150,150.1,150.2,150.3,150.4,150.5
1501,150.1,150.2,150.3,150.4,150.5,150.6
1502,150.2,150.3,150.4,150.5,150.6,150.7
1503,150.3,150.4,150.5,150.6,150.7,150.8
1504,150.4,150.5,150.6,150.7,150.8,150.9
1505,150.5,150.6,150.7,150.8,150.9,151
1506,150.6,150.7,150.8,150.9,151,151.1
1507,150.7,150.8,150.9,151,151.1,151.2
1508,150.8,150.9,151,151.1,151.2,151.3
1509,150.9,151,151.1,151.2,151.3,151.4
1510,151,151.1,151.2,151.3,151.4,151.5
1511,151.1,151.2,151.3,151.4,151.5,151.6
1512,151.2,151.3,151.4,151.5,151.6,151.7
1513,151.3,151.4,151.5,151.6,151.7,151.8
1514,151.4,151.5,151.6,151.7,151.8,151.9
1515,151.5,151.6,151.7,151.8,151.9,152
1516,151.6,151.7,151.8,151.9,152,152.1
1517,151.7,151.8,151.9,152,152.1,152.2
1518,151.8,151.9,152,152.1,152.2,152.3
1519,151.9,152,152.1,152.2,152.3,152.4
1520,152,152.1,152.2,152.3,152.4,152.5
1521,152.1,152.2,152.3,152.4,152.5,152.6
1522,152.2,152.3,152.4,152.5,152.6,152.7
1523,152.3,152.4,152.5,152.6,152.7,152.8
1524,152.4,152.5,152.6,152.7,152.8,152.9
1525,152.5,152.6,152.7,152.8,152.9,153
1526,152.6,152.7,152.8,152.9,153,153.1
1527,152.7,152.8,152.9,153,153.1,153.2
1528,152.8,152.9,153,153.1,153.2,153.3
1529,152.9,153,153.1,153.2,153.3,153.4
1530,153,153.1,153.2,153.3,153.4,153.5
1531,153.1,153.2,153.3,153.4,153.5,153.6
1532,153.2,153.3,153.4,153.5,153.6,153.7
1533,153.3,153.4,153.5,153.6,153.7,153.8
1534,153.4,153.5,153.6,153.7,153.8,153.9
1535,153.5,153.6,153.7,153.8,153.9,154
1536,153.6,153.7,153.8,153.9,154,154.1
1537,153.7,153.8,153.9,154,154.1,154.2
1538,153.8,153.9,154,154.1,154.2,154.3
1539,153.9,154,154.1,154.2,154.3,154.4
1540,154,154.1,154.2,154.3,154.4,154.5
1541,154.1,154.2,154.3,154.4,154.5,154.6
1542,154.2,154.3,154.4,154.5,154.6,154.7
1543,154.3,154.4,154.5,154.6,154.7,154.8
1544,154.4,154.5,154.6,154.7,154.8,154.9
1545,154.5,154.6,154.7,154.8,154.9,155
1546,154.6,154.7,154.8,154.9,155,155.1
1547,154.7,154.8,154.9,155,155.1,155.2
1548,154.8,154.9,155,155.1,155.2,155.3
1549,154.9,155,155.1,155.2,155.3,155.4
1550,155,155.1,155.2,155.3,155.4,155.5
1551,155.1,155.2,155.3,155.4,155.5,155.6
1552,155.2,155.3,155.4,155.5,155.6,155.7
1553,155.3,155.4,155.5,155.6,155.7,155.8
1554,155.4,155.5,155.6,155.7,155.8,155.9
1555,155.5,155.6,155.7,155.8,155.9,156
1556,155.6,155.7,155.8,155.9,156,156.1
1557,155.7,155.8,155.9,156,156.1,156.2
1558,155.8,155.9,156,156.1,156.2,156.3
1559,155.9,156,156.1,156.2,156.3,156.4
1560,156,156.1,156.2,156.3,156.4,156.5
1561,156.1,156.2,156.3,156.4,156.5,156.6
1562,156.2,156.3,156.4,156.5,156.6,156.7
1563,156.3,156.4,156.5,156.6,156.7,156.8
1564,156.4,156.5,156.6,156.7,156.8,156.9
1565,156.5,156.6,156.7,156.8,156.9,157
1566,156.6,156.7,156.8,156.9,157,157.1
1567,156.7,156.8,156.9,157,157.1,157.2
1568,156.8,156.9,157,157.1,157.2,157.3
1569,156.9,157,157.1,157.2,157.3,157.4
1570,157,157.1,157.2,157.3,157.4,157.5
1571,157.1,157.2,157.3,157.4,157.5,157.6
1572,157.2,157.3,157.4,157.5,157.6,157.7
1573,157.3,157.4,157.5,157.6,157.7,157.8
1574,157.4,157.5,157.6,157.7,157.8,157.9
1575,157.5,157.6,157.7,157.8,157.9,158
1576,157.6,157.7,157.8,157.9,158,158.1
1577,157.7,157.8,157.9,158,158.1,158.2
1578,157.8,157.9,158,158.1,158.2,158.3
1579,157.9,158,158.1,158.2,158.3,158.4
1580,158,158.1,158.2,158.3,158.4,158.5
1581,158.1,158.2,158.3,158.4,158.5,158.6
1582,158.2,158.3,158.4,158.5,158.6,158.7
1583,158.3,158.4,158.5,158.6,158.7,158.8
1584,158.4,158.5,158.6,158.7,158.8,158.9
1585,158.5,158.6,158.7,158.8,158.9,159
1586,158.6,158.7,158.8,158.9,159,159.1
1587,158.7,158.8,158.9,159,159.1,159.2
1588,158.8,158.9,159,159.1,159.2,159.3
1589,158.9,159,159.1,159.2,159.3,159.4
1590,159,159.1,159.2,159.3,159.4,159.5
1591,159.1,159.2,159.3,159.4,159.5,159.6
1592,159.2,159.3,159.4,159.5,159.6,159.7
1593,159.3,159.4,159.5,159.6,159.7,159.8
1594,159.4,159.5,159.6,159.7,159.8,159.9
1595,159.5,159.6,159.7,159.8,159.9,160
1596,159.6,159.7,159.8,159.9,160,160.1
1597,159.7,159.8,159.9,160,160.1,160.2
1598,159.8,159.9,160,160.1,160.2,160.3
1599,159.9,160,160.1,160.2,160.3,160.4
1600,160,160.1,160.2,160.3,160.4,160.5
1601,160.1,160.2,160.3,160.4,160.5,160.6
1602,160.2,160.3,160.4,160.5,160.6,160.7
1603,160.3,160.4,160.5,160.6,160.7,160.8
1604,160.4,160.5,160.6,160.7,160.8,160.9
1605,160.5,160.6,160.7,160.8,160.9,161
1606,160.6,160.7,160.8,160.9,161,161.1
1607,160.7,160.8,160.9,161,161.1,161.2
1608,160.8,160.9,161,161.1,161.2,161.3
1609,160.9,161,161.1,161.2,161.3,161.4
1610,161,161.1,161.2,161.3,161.4,161.5
1611,161.1,161.2,161.3,161.4,161.5,161.6
1612,161.2,161.3,161.4,161.5,161.6,161.7
1613,161.3,161.4,161.5,161.6,161.7,161.8
1614,161.4,161.5,161.6,161.7,161.8,161.9
1615,161.5,161.6,161.7,161.8,161.9,162
1616,161.6,161.7,161.8,161.9,162,162.1
1617,161.7,161.8,161.9,162,162.1,162.2
1618,161.8,161.9,162,162.1,162.2,162.3
1619,161.9,162,162.1,162.2,162.3,162.4
1620,162,162.1,162.2,162.3,162.4,162.5
1621,162.1,162.2,162.3,162.4,162.5,162.6
1622,162.2,162.3,162.4,162.5,162.6,162.7
1623,162.3,162.4,162.5,162.6,162.7,162.8
1624,162.4,162.5,162.6,162.7,162.8,162.9
1625,162.5,162.6,162.7,162.8,162.9,163
1626,162.6,162.7,162.8,162.9,163,163.1
1627,162.7,162.8,162.9,163,163.1,163.2
1628,162.8,162.9,163,163.1,163.2,163.3
1629,162.9,163,163.1,163.2,163.3,163.4
1630,163,163.1,163.2,163.3,163.4,163.5
1631,163.1,163.2,163.3,163.4,163.5,163.6
1632,163.2,163.3,163.4,163.5,163.6,163.7
1633,163.3,163.4,163.5,163.6,163.7,163.8
1634,163.4,163.5,163.6,163.7,163.8,163.9
1635,163.5,163.6,163.7,163.8,163.9,164
1636,163.6,163.7,163.8,163.9,164,164.1
1637,163.7,163.8,163.9,164,164.1,164.2
1638,163.8,163.9,164,164.1,164.2,164.3
1639,163.9,164,164.1,164.2,164.3,164.4
1640,164,164.1,164.2,164.3,164.4,164.5
1641,164.1,164.2,164.3,164.4,164.5,164.6
1642,164.2,164.3,164.4,164.5,164.6,164.7
1643,164.3,164.4,164.5,164.6,164.7,164.8
1644,164.4,164.5,164.6,164.7,164.8,164.9
1645,164.5,164.6,164.7,164.8,164.9,165
1646,164.6,164.7,164.8,164.9,165,165.1
1647,164.7,164.8,164.9,165,165.1,165.2
1648,164.8,164.9,165,165.1,165.2,165.3
1649,164.9,165,165.1,165.2,165.3,165.4
1650,165,165.1,165.2,165.3,165.4,165.5
1651,165.1,165.2,165.3,165.4,165.5,165.6
1652,165.2,165.3,165.4,165.5,165.6,165.7
1653,165.3,165.4,165.5,165.6,165.7,165.8
1654,165.4,165.5,165.6,165.7,165.8,165.9
1655,165.5,165.6,165.7,165.8,165.9,166
1656,165.6,165.7,165.8,165.9,166,166.1
1657,165.7,165.8,165.9,166,166.1,166.2
1658,165.8,165.9,166,166.1,166.2,166.3
1659,165.9,166,166.1,166.2,166.3,166.4
1660,166,166.1,166.2,166.3,166.4,166.5
1661,166.1,166.2,166.3,166.4,166.5,166.6
1662,166.2,166.3,166.4,166.5,166.6,166.7
1663,166.3,166.4,166.5,166.6,166.7,166.8
1664,166.4,166.5,166.6,166.7,166.8,166.9
1665,166.5,166.6,166.7,166.8,166.9,167
1666,166.6,166.7,166.8,166.9,167,167.1
1667,166.7,166.8,166.9,167,167.1,167.2
1668,166.8,166.9,167,167.1,167.2,167.3
1669,166.9,167,167.1,167.2,167.3,167.4
1670,167,167.1,167.2,167.3,167.4,167.5
1671,167.1,167.2,167.3,167.4,167.5,167.6
1672,167.2,167.3,167.4,167.5,167.6,167.7
1673,167.3,167.4,167.5,167.6,167.7,167.8
1674,167.4,167.5,167.6,167.7,167.8,167.9
1675,167.5,167.6,167.7,167.8,167.9,168
1676,167.6,167.7,167.8,167.9,168,168.1
1677,167.7,167.8,167.9,168,168.1,168.2
1678,167.8,167.9,168,168.1,168.2,168.3
1679,167.9,168,168.1,168.2,168.3,168.4
1680,168,168.1,168.2,168.3,168.4,168.5
1681,168.1,168.2,168.3,168.4,168.5,168.6
1682,168.2,168.3,168.4,168.5,168.6,168.7
1683,168.3,168.4,168.5,168.6,168.7,168.8
1684,168.4,168.5,168.6,168.7,168.8,168.9
1685,168.5,168.6,168.7,168.8,168.9,169
1686,168.6,168.7,168.8,168.9,169,169.1
